state,year,quarter,low_wage_emp,min_wage,unemp_rate
AK,2016,1,23.3,9.75,4.1900563211280115
AK,2016,2,23.8,9.75,4.619291011948903
AK,2016,3,24.3,9.75,4.607332744202129
AK,2016,4,23.4,9.75,4.626774941984046
AK,2017,1,24.3,9.8,4.149356916335033
AK,2017,2,24.5,9.8,3.8660694143886434
AK,2017,3,25.1,9.8,3.7522063068158444
AK,2017,4,24.6,9.8,3.4463955052179553
AK,2018,1,25.1,9.84,2.9398556527340065
AK,2018,2,25.3,9.84,3.8087312612611584
AK,2018,3,24.9,9.84,3.6685538808274853
AK,2018,4,24.6,9.84,2.866457557257329
AK,2019,1,25.7,9.89,3.395206537289217
AK,2019,2,25.8,9.89,3.000898305406336
AK,2019,3,26.1,9.89,3.0126172160298657
AK,2019,4,26.0,9.89,2.4817341597192155
AK,2020,1,23.8,10.19,3.234777868264812
AK,2020,2,15.9,10.19,12.80293649661587
AK,2020,3,20.9,10.19,9.191466765853425
AK,2020,4,20.0,10.19,6.441890263105968
AK,2021,1,20.3,10.34,5.860286106108891
AK,2021,2,22.1,10.34,5.3689896579143515
AK,2021,3,22.4,10.34,4.543544201510313
AK,2021,4,22.7,10.34,4.107852302856079
AK,2022,1,24.1,10.34,3.5109305569207416
AK,2022,2,24.2,10.34,3.032952434459696
AK,2022,3,24.5,10.34,2.9171546981394085
AK,2022,4,24.5,10.34,3.275093740622831
AK,2023,1,24.7,10.85,2.9635257153893413
AK,2023,2,24.5,10.85,3.1219619978460496
AK,2023,3,24.5,10.85,3.2547852203925003
AK,2023,4,24.4,10.85,3.4404250305189246
AK,2024,1,24.2,11.73,2.944084622365295
AK,2024,2,23.8,11.73,3.9512180358493887
AK,2024,3,25.4,11.73,4.6571142690078196
AK,2024,4,24.4,11.73,4.081712273826782
AL,2016,1,137.7,7.25,4.176103340575205
AL,2016,2,141.8,7.25,4.0059738509335725
AL,2016,3,140.9,7.25,3.919868881860109
AL,2016,4,141.3,7.25,3.6642322578997946
AL,2017,1,138.4,7.25,3.3110067694663528
AL,2017,2,143.6,7.25,3.2386101040581687
AL,2017,3,142.4,7.25,3.2163717352886447
AL,2017,4,141.8,7.25,3.4717000344422555
AL,2018,1,142.7,7.25,3.257648853447119
AL,2018,2,147.2,7.25,2.425651319967761
AL,2018,3,148.1,7.25,2.9517885573950196
AL,2018,4,145.0,7.25,2.639038682451686
AL,2019,1,148.8,7.25,2.7514867664847933
AL,2019,2,152.5,7.25,2.8380662532288414
AL,2019,3,151.4,7.25,2.9638632233253666
AL,2019,4,150.1,7.25,2.8339474023114404
AL,2020,1,142.4,7.25,2.602798109609789
AL,2020,2,92.8,7.25,11.961799653821217
AL,2020,3,127.7,7.25,7.953942395997651
AL,2020,4,122.0,7.25,6.047226904713289
AL,2021,1,116.8,7.25,5.110811095222995
AL,2021,2,130.5,7.25,4.898865673577436
AL,2021,3,134.5,7.25,3.822662874374773
AL,2021,4,135.6,7.25,2.89570137935238
AL,2022,1,139.1,7.25,3.09832111329484
AL,2022,2,142.4,7.25,3.061435375147828
AL,2022,3,143.9,7.25,2.632960330102481
AL,2022,4,145.5,7.25,3.0556232359441884
AL,2023,1,145.1,7.25,2.6630541740908713
AL,2023,2,144.7,7.25,2.361027440195044
AL,2023,3,146.8,7.25,2.8629820482291053
AL,2023,4,142.8,7.25,3.2159743365163718
AL,2024,1,144.4,7.25,2.7438155548435956
AL,2024,2,145.1,7.25,3.5239564633207827
AL,2024,3,145.6,7.25,2.468639835349658
AL,2024,4,148.4,7.25,3.4011341178891477
AR,2016,1,106.6,8.0,3.0506322426548653
AR,2016,2,108.1,8.0,3.789004865434112
AR,2016,3,107.6,8.0,3.7473171274200388
AR,2016,4,108.0,8.0,3.2819574795509308
AR,2017,1,108.9,8.5,3.1159324441302343
AR,2017,2,106.6,8.5,2.5277412189879853
AR,2017,3,113.1,8.5,2.6394798816229095
AR,2017,4,108.8,8.5,2.8993707653636536
AR,2018,1,110.4,8.5,2.6126089537187975
AR,2018,2,113.0,8.5,2.348196742020369
AR,2018,3,114.9,8.5,2.526691879689727
AR,2018,4,111.9,8.5,2.623713376111894
AR,2019,1,113.2,9.25,2.5533924412491693
AR,2019,2,113.7,9.25,2.270611248991237
AR,2019,3,114.1,9.25,2.5878160202972187
AR,2019,4,113.5,9.25,2.1289233684187354
AR,2020,1,107.0,10.0,2.2834708162989124
AR,2020,2,69.4,10.0,11.778195031064477
AR,2020,3,97.5,10.0,7.29926832542452
AR,2020,4,92.6,10.0,5.1659096629924575
AR,2021,1,89.8,11.0,5.158377466274152
AR,2021,2,97.5,11.0,4.3886715789846
AR,2021,3,98.5,11.0,2.8797045659632445
AR,2021,4,102.0,11.0,2.8799127633989157
AR,2022,1,106.3,11.0,2.2576024447581977
AR,2022,2,108.3,11.0,2.089516323291303
AR,2022,3,107.3,11.0,2.3121382781923385
AR,2022,4,109.1,11.0,2.226439107726966
AR,2023,1,106.7,11.0,2.140739029260712
AR,2023,2,108.7,11.0,1.469562900273565
AR,2023,3,104.6,11.0,1.993340337692107
AR,2023,4,107.1,11.0,2.697445001830074
AR,2024,1,110.3,11.0,2.2706921388787937
AR,2024,2,111.3,11.0,2.0742059936352186
AR,2024,3,109.8,11.0,2.4544978299015883
AR,2024,4,109.6,11.0,2.378481526411328
AZ,2016,1,245.9,8.05,3.528729905045907
AZ,2016,2,254.1,8.05,4.249633475809185
AZ,2016,3,257.5,8.05,3.452952552629262
AZ,2016,4,244.1,8.05,3.4011250447636825
AZ,2017,1,247.7,10.0,3.3002473111520256
AZ,2017,2,254.3,10.0,2.6600574307777394
AZ,2017,3,258.4,10.0,3.2535076864181045
AZ,2017,4,253.9,10.0,2.9362407518696303
AZ,2018,1,260.3,10.5,2.9479704261765125
AZ,2018,2,254.0,10.5,2.2378446056251766
AZ,2018,3,252.6,10.5,2.831499135344428
AZ,2018,4,254.9,10.5,1.8901055232259145
AZ,2019,1,265.6,11.0,2.686717970203679
AZ,2019,2,271.2,11.0,2.867797529806592
AZ,2019,3,268.0,11.0,1.9134999445243919
AZ,2019,4,266.0,11.0,1.9407715231827671
AZ,2020,1,249.1,12.0,2.4405562515898906
AZ,2020,2,158.9,12.0,11.459618145828738
AZ,2020,3,218.6,12.0,6.945461812743759
AZ,2020,4,214.9,12.0,5.331229734505407
AZ,2021,1,202.7,12.15,4.491969727945767
AZ,2021,2,220.8,12.15,4.652738571254154
AZ,2021,3,239.5,12.15,3.4348335717934573
AZ,2021,4,242.1,12.15,3.275641163568861
AZ,2022,1,241.9,12.8,2.175684854362727
AZ,2022,2,250.2,12.8,2.1140423872018954
AZ,2022,3,256.0,12.8,2.454716007274499
AZ,2022,4,249.8,12.8,1.9414015471334123
AZ,2023,1,248.0,13.85,2.1788988224448373
AZ,2023,2,255.3,13.85,2.502803668348327
AZ,2023,3,250.9,13.85,1.8284158716952306
AZ,2023,4,258.9,13.85,2.36605099962329
AZ,2024,1,253.6,14.35,2.3886256803381256
AZ,2024,2,251.1,14.35,2.8452077035967918
AZ,2024,3,256.0,14.35,2.439575628800174
AZ,2024,4,252.2,14.35,2.3145238581383154
CA,2016,1,1411.2,10.0,5.763159290264062
CA,2016,2,1449.1,10.0,5.942988275704751
CA,2016,3,1436.1,10.0,5.645753517460381
CA,2016,4,1419.0,10.0,5.63208746638371
CA,2017,1,1412.3,10.5,5.43031694020816
CA,2017,2,1459.5,10.5,4.712810568902946
CA,2017,3,1493.8,10.5,5.292671254306978
CA,2017,4,1461.4,10.5,5.175398735064978
CA,2018,1,1451.8,11.0,4.998217356074731
CA,2018,2,1457.4,11.0,4.291517858022292
CA,2018,3,1494.4,11.0,4.252513209211539
CA,2018,4,1507.8,11.0,4.038738620674559
CA,2019,1,1511.3,12.0,4.808860244589956
CA,2019,2,1521.9,12.0,4.658383893331889
CA,2019,3,1573.8,12.0,4.405212909827654
CA,2019,4,1517.9,12.0,4.460027712099321
CA,2020,1,1435.5,13.0,4.217574709616906
CA,2020,2,910.2,13.0,13.721625592339212
CA,2020,3,1294.1,13.0,9.06690571959583
CA,2020,4,1205.3,13.0,7.146332811762741
CA,2021,1,1168.2,14.0,7.141469101067987
CA,2021,2,1326.5,14.0,6.505988684152576
CA,2021,3,1300.7,14.0,6.140681627816708
CA,2021,4,1361.5,14.0,5.039255037718317
CA,2022,1,1348.2,15.0,5.29819368432924
CA,2022,2,1430.3,15.0,4.305996665656303
CA,2022,3,1408.0,15.0,3.855945456456254
CA,2022,4,1411.5,15.0,4.3675081397822755
CA,2023,1,1404.9,15.5,3.88896234879088
CA,2023,2,1429.9,15.5,4.47102103685464
CA,2023,3,1431.8,15.5,4.390461055951725
CA,2023,4,1453.5,15.5,4.336685491481373
CA,2024,1,1434.7,16.0,4.34062731994622
CA,2024,2,1427.4,16.0,4.899969281995039
CA,2024,3,1482.1,16.0,4.742128366907317
CA,2024,4,1425.9,16.0,5.0109819750818
CO,2016,1,218.7,8.31,4.42133870018567
CO,2016,2,223.3,8.31,4.812212824102818
CO,2016,3,225.3,8.31,4.6195213090448375
CO,2016,4,223.3,8.31,3.9815715521921793
CO,2017,1,223.0,9.3,4.407247463561131
CO,2017,2,226.5,9.3,4.170888399724427
CO,2017,3,232.9,9.3,3.6901359549454353
CO,2017,4,228.6,9.3,3.8014107175894334
CO,2018,1,232.5,10.2,3.772755801339575
CO,2018,2,236.7,10.2,3.212402096456589
CO,2018,3,231.3,10.2,3.5626293939102602
CO,2018,4,227.7,10.2,3.523528543716246
CO,2019,1,240.5,11.1,3.8802085587583592
CO,2019,2,240.4,11.1,3.571433801416247
CO,2019,3,244.7,11.1,2.841992375418649
CO,2019,4,236.4,11.1,2.873945673831239
CO,2020,1,223.3,12.0,3.6098037659683735
CO,2020,2,142.3,12.0,12.80942897107944
CO,2020,3,193.4,12.0,8.609807491697591
CO,2020,4,189.8,12.0,7.511112633002192
CO,2021,1,177.8,12.32,6.0265603390137255
CO,2021,2,203.0,12.32,5.895962877859955
CO,2021,3,205.8,12.32,5.041493714853736
CO,2021,4,212.3,12.32,4.050710561197515
CO,2022,1,219.4,12.56,3.3607124124136716
CO,2022,2,223.7,12.56,3.482983951953756
CO,2022,3,222.4,12.56,3.0234456214445045
CO,2022,4,229.3,12.56,3.284247603783773
CO,2023,1,222.6,13.65,3.0096841214570444
CO,2023,2,231.2,13.65,3.179855427621672
CO,2023,3,224.8,13.65,4.049690755807829
CO,2023,4,228.5,13.65,2.7951136280282514
CO,2024,1,228.8,14.42,3.56117124291813
CO,2024,2,226.1,14.42,3.17147842444888
CO,2024,3,226.6,14.42,3.713713626068946
CO,2024,4,228.5,14.42,4.081978364895985
CT,2016,1,116.5,9.6,4.249295580295518
CT,2016,2,120.7,9.6,3.8197468379769792
CT,2016,3,121.4,9.6,3.946054441474455
CT,2016,4,118.3,9.6,3.199919995892843
CT,2017,1,119.7,10.1,4.297892325173393
CT,2017,2,120.9,10.1,3.834205665451815
CT,2017,3,122.2,10.1,3.5902121852411657
CT,2017,4,122.6,10.1,3.2298113312371166
CT,2018,1,122.3,10.1,2.9857245214336134
CT,2018,2,124.3,10.1,2.9138037430156736
CT,2018,3,124.1,10.1,2.9955874611541398
CT,2018,4,122.5,10.1,2.3926106137129426
CT,2019,1,126.7,10.1,2.6478319146898994
CT,2019,2,127.8,10.1,1.9804418302284952
CT,2019,3,126.2,10.1,2.249635814628628
CT,2019,4,124.5,10.1,2.8795720571381005
CT,2020,1,120.2,12.0,2.580907410610544
CT,2020,2,75.5,12.0,11.78582746600248
CT,2020,3,101.9,12.0,7.7765116476867915
CT,2020,4,104.2,12.0,5.097513345803297
CT,2021,1,97.2,13.0,5.364796044981924
CT,2021,2,106.7,13.0,5.161103594567518
CT,2021,3,109.3,13.0,4.094370417593777
CT,2021,4,113.2,13.0,3.5765868338995017
CT,2022,1,112.1,14.0,2.2831320081148854
CT,2022,2,117.7,14.0,3.034296277281208
CT,2022,3,117.7,14.0,2.2619591169867586
CT,2022,4,119.1,14.0,2.1972056179767154
CT,2023,1,117.1,15.0,2.3099639495936537
CT,2023,2,118.3,15.0,2.9427832420973457
CT,2023,3,120.4,15.0,2.5753488956857904
CT,2023,4,119.5,15.0,2.30140404098733
CT,2024,1,118.7,15.69,2.1926987956116966
CT,2024,2,119.5,15.69,2.8496459865317303
CT,2024,3,119.4,15.69,2.48269306648836
CT,2024,4,119.8,15.69,2.5911236854776223
DC,2016,1,48.2,11.5,5.115536948147555
DC,2016,2,49.9,11.5,5.286772467342477
DC,2016,3,49.3,11.5,5.679932280876484
DC,2016,4,49.8,11.5,4.616791648802818
DC,2017,1,49.6,12.5,5.3964994198031375
DC,2017,2,51.6,12.5,4.750620212462525
DC,2017,3,50.2,12.5,4.353097698842264
DC,2017,4,49.6,12.5,4.58618133643563
DC,2018,1,50.5,13.25,4.50726820282869
DC,2018,2,51.8,13.25,4.0674852310090115
DC,2018,3,51.5,13.25,4.168490919653655
DC,2018,4,51.5,13.25,3.9319562150981215
DC,2019,1,52.2,14.0,4.281605497732024
DC,2019,2,52.7,14.0,4.146189496512963
DC,2019,3,51.5,14.0,4.423355339000255
DC,2019,4,52.6,14.0,3.4762056445085947
DC,2020,1,48.4,15.0,4.787460306553529
DC,2020,2,31.1,15.0,12.761923954299899
DC,2020,3,42.2,15.0,9.102014765645976
DC,2020,4,41.4,15.0,7.224045456102022
DC,2021,1,40.2,15.2,6.631847854477159
DC,2021,2,44.1,15.2,6.0607404382104715
DC,2021,3,45.3,15.2,5.385113619049466
DC,2021,4,46.1,15.2,4.399650013759
DC,2022,1,46.8,15.2,3.9707408670733857
DC,2022,2,47.8,15.2,4.202430923262957
DC,2022,3,49.3,15.2,4.054654939946164
DC,2022,4,48.5,15.2,3.8396774155784534
DC,2023,1,47.2,16.1,4.1174302567866246
DC,2023,2,50.0,16.1,3.939740150419632
DC,2023,3,49.2,16.1,4.2914089298083375
DC,2023,4,49.6,16.1,4.236438946733733
DC,2024,1,48.7,17.0,3.7988517908800277
DC,2024,2,49.7,17.0,4.179495982097558
DC,2024,3,49.0,17.0,4.771738375693628
DC,2024,4,49.8,17.0,4.630661373786689
DE,2016,1,40.0,8.25,5.835213942422485
DE,2016,2,40.5,8.25,6.005344394717463
DE,2016,3,40.6,8.25,6.170754607547656
DE,2016,4,40.0,8.25,6.520096621326053
DE,2017,1,39.8,8.25,6.637373358753818
DE,2017,2,40.2,8.25,5.739660063359737
DE,2017,3,41.2,8.25,5.649140820170632
DE,2017,4,40.6,8.25,5.650002342793759
DE,2018,1,40.8,8.25,5.575159378723987
DE,2018,2,41.5,8.25,5.650795651194244
DE,2018,3,42.0,8.25,5.114558997925887
DE,2018,4,41.1,8.25,5.45625832233632
DE,2019,1,42.0,8.75,5.299747986641093
DE,2019,2,42.9,8.75,5.327707839322377
DE,2019,3,42.2,8.75,4.990203287315457
DE,2019,4,42.6,8.75,4.787587021129506
DE,2020,1,40.2,9.25,5.845210717954012
DE,2020,2,25.7,9.25,14.791083550766094
DE,2020,3,35.8,9.25,9.733901895961456
DE,2020,4,34.3,9.25,8.037483372465049
DE,2021,1,33.0,10.25,8.032992302535593
DE,2021,2,36.7,10.25,7.012517285237963
DE,2021,3,37.4,10.25,6.802718924858953
DE,2021,4,38.6,10.25,5.871632257042958
DE,2022,1,38.6,11.75,5.061771452574445
DE,2022,2,39.6,11.75,5.068870312128277
DE,2022,3,39.9,11.75,4.444510101412936
DE,2022,4,39.3,11.75,5.702644880972036
DE,2023,1,40.1,13.25,4.878787673242943
DE,2023,2,40.9,13.25,5.212659341414897
DE,2023,3,40.5,13.25,5.355667828444648
DE,2023,4,40.1,13.25,5.578879662432017
DE,2024,1,40.1,14.75,5.041524403931253
DE,2024,2,40.4,14.75,5.532662244260259
DE,2024,3,40.1,14.75,5.839248186786379
DE,2024,4,40.2,14.75,5.8332779034311635
FL,2016,1,805.1,8.05,3.2096210394765023
FL,2016,2,859.5,8.05,3.221807209612733
FL,2016,3,827.6,8.05,3.4285130755499686
FL,2016,4,818.3,8.05,3.3800121964121455
FL,2017,1,837.8,8.1,3.5373186116051007
FL,2017,2,831.0,8.1,3.5866532070105652
FL,2017,3,855.1,8.1,3.301344228886305
FL,2017,4,850.9,8.1,2.796064782936671
FL,2018,1,855.7,8.25,2.8383414795548925
FL,2018,2,852.1,8.25,2.3432875325343567
FL,2018,3,855.3,8.25,2.538492401127982
FL,2018,4,874.1,8.25,2.357448750249658
FL,2019,1,871.1,8.46,2.740861910027126
FL,2019,2,896.9,8.46,2.0958770588600024
FL,2019,3,894.9,8.46,2.499850296198051
FL,2019,4,872.4,8.46,2.7038680158264725
FL,2020,1,830.2,8.56,2.5114182973886416
FL,2020,2,528.5,8.56,11.864559858555381
FL,2020,3,734.0,8.56,7.751089539439033
FL,2020,4,707.3,8.56,5.323680200359949
FL,2021,1,698.4,10.0,5.011274086468824
FL,2021,2,763.5,10.0,4.647824062160238
FL,2021,3,787.3,10.0,3.8733491714903483
FL,2021,4,801.7,10.0,2.7121434067690595
FL,2022,1,795.6,10.0,2.551399394203382
FL,2022,2,816.4,10.0,2.4934458292993344
FL,2022,3,827.0,10.0,2.779389424264212
FL,2022,4,852.5,10.0,2.7318275897512616
FL,2023,1,832.9,12.0,2.890001079179166
FL,2023,2,842.0,12.0,2.0138420730592843
FL,2023,3,856.2,12.0,2.705742532941903
FL,2023,4,828.1,12.0,2.499048943647205
FL,2024,1,830.1,13.0,3.100987221891001
FL,2024,2,856.0,13.0,2.5015568563191537
FL,2024,3,827.8,13.0,2.692129789271467
FL,2024,4,830.1,13.0,2.6642285482924923
GA,2016,1,366.0,7.25,5.10087533602534
GA,2016,2,378.3,7.25,4.248055817321142
GA,2016,3,382.2,7.25,4.2172832597006815
GA,2016,4,361.9,7.25,4.699838152461537
GA,2017,1,379.2,7.25,4.7624994679179835
GA,2017,2,385.3,7.25,4.58225236082391
GA,2017,3,380.7,7.25,4.413684119778786
GA,2017,4,373.9,7.25,4.434092802448835
GA,2018,1,370.5,7.25,4.201168100828672
GA,2018,2,382.6,7.25,3.7514053816372073
GA,2018,3,387.5,7.25,3.6690118800823748
GA,2018,4,385.2,7.25,3.5064288581237837
GA,2019,1,390.2,7.25,3.8797384721469013
GA,2019,2,386.8,7.25,3.161891454249949
GA,2019,3,398.9,7.25,3.5933718743876324
GA,2019,4,394.3,7.25,3.3651711627704626
GA,2020,1,374.0,7.25,3.773785762186169
GA,2020,2,240.3,7.25,12.974712125311145
GA,2020,3,338.0,7.25,7.955415834425228
GA,2020,4,326.1,7.25,6.320707069220546
GA,2021,1,312.2,7.25,6.0585066155932905
GA,2021,2,337.5,7.25,5.774449727330645
GA,2021,3,355.3,7.25,5.068912007519854
GA,2021,4,358.8,7.25,4.18179970191944
GA,2022,1,369.8,7.25,4.145965211700116
GA,2022,2,369.1,7.25,3.5848327591493305
GA,2022,3,380.7,7.25,3.397188102355014
GA,2022,4,379.5,7.25,3.111358173058702
GA,2023,1,384.6,7.25,2.9805181801573895
GA,2023,2,378.8,7.25,3.5517427578125083
GA,2023,3,385.8,7.25,3.9092292590530873
GA,2023,4,390.5,7.25,4.053506513895401
GA,2024,1,382.4,7.25,3.342727291145233
GA,2024,2,387.0,7.25,3.7999358841906687
GA,2024,3,391.8,7.25,4.163795320644881
GA,2024,4,391.4,7.25,4.605314891159018
HI,2016,1,67.8,8.5,6.0707443304260655
HI,2016,2,69.0,8.5,5.73721071962995
HI,2016,3,73.9,8.5,6.335179552671514
HI,2016,4,70.5,8.5,6.04355742793988
HI,2017,1,68.5,9.25,5.442265930663196
HI,2017,2,69.4,9.25,5.508426460493224
HI,2017,3,69.8,9.25,5.310567960082462
HI,2017,4,69.3,9.25,5.327544642466622
HI,2018,1,69.5,10.1,4.6274781370328855
HI,2018,2,72.8,10.1,4.92277061320645
HI,2018,3,70.6,10.1,4.934482521261795
HI,2018,4,71.0,10.1,3.9893333292799844
HI,2019,1,72.3,10.1,4.361977621407186
HI,2019,2,73.3,10.1,3.805185521878888
HI,2019,3,74.4,10.1,4.336133124873551
HI,2019,4,74.0,10.1,4.532217851945706
HI,2020,1,69.6,10.1,5.0676622908357265
HI,2020,2,45.7,10.1,13.83918360933285
HI,2020,3,62.7,10.1,10.105539838878306
HI,2020,4,60.8,10.1,7.102924737742451
HI,2021,1,56.2,10.1,6.505940443400372
HI,2021,2,61.8,10.1,6.700290865537932
HI,2021,3,65.3,10.1,6.032174809888709
HI,2021,4,66.8,10.1,5.00714675077869
HI,2022,1,66.1,12.0,3.996722545194955
HI,2022,2,69.3,12.0,4.390219163353081
HI,2022,3,69.1,12.0,4.025614325055462
HI,2022,4,67.1,12.0,4.71785693985593
HI,2023,1,69.0,14.0,4.426934649035972
HI,2023,2,70.6,14.0,4.034991239308711
HI,2023,3,72.6,14.0,4.36279510000591
HI,2023,4,72.5,14.0,4.1991911186402335
HI,2024,1,68.7,16.0,4.498151446024967
HI,2024,2,70.7,16.0,5.103497871357289
HI,2024,3,70.2,16.0,4.7212373613062555
HI,2024,4,70.5,16.0,5.06816912986227
IA,2016,1,108.9,7.25,3.7322173344394662
IA,2016,2,110.5,7.25,3.8091594084558555
IA,2016,3,112.6,7.25,3.5466403956562553
IA,2016,4,109.6,7.25,3.7194072092520245
IA,2017,1,110.9,7.25,3.7941092573333015
IA,2017,2,113.6,7.25,2.792026309413773
IA,2017,3,112.2,7.25,3.346282202682055
IA,2017,4,110.3,7.25,3.189507280948591
IA,2018,1,113.6,7.25,3.331243753633174
IA,2018,2,115.2,7.25,3.3382575781987596
IA,2018,3,116.3,7.25,3.132273335806165
IA,2018,4,113.2,7.25,2.590757939665347
IA,2019,1,115.5,7.25,2.7559434047487184
IA,2019,2,119.2,7.25,2.8507183768909687
IA,2019,3,117.1,7.25,2.512683105524756
IA,2019,4,116.2,7.25,2.208450850688925
IA,2020,1,109.7,7.25,3.589109579446191
IA,2020,2,72.5,7.25,11.983649777040855
IA,2020,3,98.7,7.25,7.68890980161945
IA,2020,4,97.1,7.25,5.119228039553419
IA,2021,1,93.3,7.25,5.532287684139661
IA,2021,2,101.5,7.25,4.680486302687051
IA,2021,3,105.6,7.25,4.18545322429636
IA,2021,4,108.2,7.25,3.567454003317339
IA,2022,1,107.8,7.25,2.585186492108791
IA,2022,2,110.3,7.25,2.700711791971274
IA,2022,3,112.7,7.25,3.134003279484155
IA,2022,4,112.2,7.25,2.039842939366969
IA,2023,1,114.0,7.25,2.3337153023322466
IA,2023,2,112.6,7.25,2.305504491289891
IA,2023,3,115.3,7.25,2.72079551965789
IA,2023,4,114.6,7.25,2.762529793213951
IA,2024,1,112.2,7.25,2.4584882665420356
IA,2024,2,114.0,7.25,2.8805550525921078
IA,2024,3,118.5,7.25,3.044899565290166
IA,2024,4,115.7,7.25,3.0716302828741515
ID,2016,1,65.9,7.25,6.577724332741455
ID,2016,2,66.6,7.25,6.33607376930452
ID,2016,3,66.8,7.25,6.0691900498247
ID,2016,4,66.9,7.25,6.315565083886693
ID,2017,1,66.5,7.25,5.89479233451397
ID,2017,2,68.5,7.25,5.313196581821206
ID,2017,3,68.7,7.25,5.9285190654005815
ID,2017,4,67.5,7.25,5.433254855325082
ID,2018,1,69.7,7.25,4.960407995921748
ID,2018,2,69.7,7.25,5.014480238794602
ID,2018,3,70.6,7.25,4.708896366204257
ID,2018,4,69.7,7.25,4.456741922930384
ID,2019,1,69.5,7.25,5.349435106479177
ID,2019,2,70.8,7.25,5.344406834360725
ID,2019,3,70.3,7.25,4.352011570073943
ID,2019,4,71.1,7.25,4.840472613226856
ID,2020,1,67.4,7.25,4.776389071483137
ID,2020,2,42.9,7.25,14.025444227090276
ID,2020,3,59.2,7.25,9.793863664948024
ID,2020,4,58.2,7.25,7.61238461131574
ID,2021,1,56.9,7.25,7.386138330603133
ID,2021,2,61.1,7.25,6.8222968072963734
ID,2021,3,62.6,7.25,6.352718889953636
ID,2021,4,64.0,7.25,5.356510409384944
ID,2022,1,65.8,7.25,4.899897428159762
ID,2022,2,67.5,7.25,4.499312743607206
ID,2022,3,67.0,7.25,4.598550443049185
ID,2022,4,68.4,7.25,5.098199209967412
ID,2023,1,68.3,7.25,4.821856998506999
ID,2023,2,69.3,7.25,4.37831526878012
ID,2023,3,69.4,7.25,4.901381533848453
ID,2023,4,69.0,7.25,5.096997979231221
ID,2024,1,67.8,7.25,4.370760257883274
ID,2024,2,67.4,7.25,5.334589899933666
ID,2024,3,70.1,7.25,5.172794714535931
ID,2024,4,69.4,7.25,5.442761442797632
IL,2016,1,453.3,8.25,4.454964914148745
IL,2016,2,459.3,8.25,3.548751255874821
IL,2016,3,448.7,8.25,4.233451926129832
IL,2016,4,450.2,8.25,4.079022789416186
IL,2017,1,444.4,8.25,3.7137505492617335
IL,2017,2,456.2,8.25,4.110358603586322
IL,2017,3,464.8,8.25,3.429295190635766
IL,2017,4,460.4,8.25,3.6513605089237093
IL,2018,1,464.1,8.25,4.406170936259446
IL,2018,2,463.9,8.25,2.8877360262261647
IL,2018,3,470.4,8.25,3.226472287710616
IL,2018,4,470.3,8.25,3.0487996679221516
IL,2019,1,472.3,8.25,3.1904471055438157
IL,2019,2,484.8,8.25,3.2991130376033393
IL,2019,3,481.4,8.25,3.402936440661264
IL,2019,4,474.4,8.25,3.202529154003132
IL,2020,1,448.4,9.25,3.054035984477361
IL,2020,2,289.8,9.25,13.201192132733455
IL,2020,3,400.4,9.25,7.739964752710163
IL,2020,4,388.2,9.25,5.861248988502443
IL,2021,1,374.8,11.0,5.721956494529843
IL,2021,2,415.4,11.0,5.397855884956426
IL,2021,3,411.2,11.0,4.717450933026355
IL,2021,4,433.7,11.0,4.145077937735292
IL,2022,1,434.1,12.0,3.235082433403051
IL,2022,2,450.8,12.0,3.1051565472766254
IL,2022,3,458.9,12.0,2.8926828933954565
IL,2022,4,449.3,12.0,3.347536264750924
IL,2023,1,452.0,13.0,2.8754941560176293
IL,2023,2,446.9,13.0,2.8753206028928284
IL,2023,3,467.2,13.0,3.3340826551018647
IL,2023,4,453.4,13.0,3.481513987336911
IL,2024,1,446.8,14.0,2.508605743710568
IL,2024,2,456.7,14.0,3.5792712366147597
IL,2024,3,458.1,14.0,3.58997671360947
IL,2024,4,457.0,14.0,3.8553227905111536
IN,2016,1,224.4,7.25,5.238360957861375
IN,2016,2,231.9,7.25,5.5473724251395105
IN,2016,3,223.5,7.25,5.288560742106975
IN,2016,4,225.5,7.25,5.544344273202339
IN,2017,1,224.5,7.25,5.6553238321715975
IN,2017,2,225.0,7.25,5.852729512097317
IN,2017,3,231.7,7.25,5.34787653054398
IN,2017,4,227.2,7.25,4.984068159772072
IN,2018,1,229.3,7.25,5.298619992769778
IN,2018,2,234.3,7.25,4.186457725712366
IN,2018,3,236.9,7.25,4.820482685847301
IN,2018,4,235.5,7.25,4.8810578765808215
IN,2019,1,231.8,7.25,4.406222444680778
IN,2019,2,240.2,7.25,4.89292453137681
IN,2019,3,242.6,7.25,4.651347240663055
IN,2019,4,237.3,7.25,4.325211944244491
IN,2020,1,226.7,7.25,4.939632878246616
IN,2020,2,147.5,7.25,14.631006175756049
IN,2020,3,201.8,7.25,9.804358194932279
IN,2020,4,199.7,7.25,7.724264494304832
IN,2021,1,188.8,7.25,7.011990048552659
IN,2021,2,206.9,7.25,6.5948450075752945
IN,2021,3,212.3,7.25,6.298899063378005
IN,2021,4,217.5,7.25,4.892973170642072
IN,2022,1,216.9,7.25,4.771268189580549
IN,2022,2,229.9,7.25,4.406501084385196
IN,2022,3,235.0,7.25,4.693492266138649
IN,2022,4,232.1,7.25,4.749896950000816
IN,2023,1,227.6,7.25,4.761060301692101
IN,2023,2,230.2,7.25,4.296793398758307
IN,2023,3,236.0,7.25,4.56883583782672
IN,2023,4,233.0,7.25,4.3561692036800395
IN,2024,1,233.6,7.25,4.516510340391898
IN,2024,2,235.1,7.25,5.0629884663281866
IN,2024,3,234.9,7.25,5.3768949034083375
IN,2024,4,233.1,7.25,4.773148721161443
KS,2016,1,101.0,7.25,5.9758806060255525
KS,2016,2,102.7,7.25,5.862690494592874
KS,2016,3,103.8,7.25,5.070444185809667
KS,2016,4,100.2,7.25,5.444398905913682
KS,2017,1,101.4,7.25,5.042593988784107
KS,2017,2,103.6,7.25,4.906235297146798
KS,2017,3,104.9,7.25,5.011287870712482
KS,2017,4,105.0,7.25,5.010779229143194
KS,2018,1,102.9,7.25,4.492856606902899
KS,2018,2,105.0,7.25,3.862693711202503
KS,2018,3,107.6,7.25,4.514268862179852
KS,2018,4,104.5,7.25,5.153181084657788
KS,2019,1,105.1,7.25,4.499255743737177
KS,2019,2,107.9,7.25,4.274184240123301
KS,2019,3,108.1,7.25,4.794758695199047
KS,2019,4,107.0,7.25,4.3371919953567595
KS,2020,1,102.4,7.25,4.525167920733105
KS,2020,2,66.6,7.25,13.792744609232265
KS,2020,3,91.5,7.25,9.535182789410317
KS,2020,4,87.4,7.25,7.018183281191211
KS,2021,1,86.3,7.25,6.457676062298313
KS,2021,2,93.2,7.25,7.1261580432754945
KS,2021,3,96.6,7.25,5.81527461520977
KS,2021,4,98.3,7.25,4.8901382424121325
KS,2022,1,100.8,7.25,4.43304131042136
KS,2022,2,107.0,7.25,4.494431589923159
KS,2022,3,104.8,7.25,5.021716940159469
KS,2022,4,105.9,7.25,4.517295409770561
KS,2023,1,105.1,7.25,3.983683561743857
KS,2023,2,105.8,7.25,4.120089352270759
KS,2023,3,107.7,7.25,4.6814085497998
KS,2023,4,105.3,7.25,4.1852694292143235
KS,2024,1,102.9,7.25,4.615783556347304
KS,2024,2,104.5,7.25,3.9638883974447836
KS,2024,3,105.4,7.25,4.791145738204307
KS,2024,4,107.1,7.25,4.948551613682423
KY,2016,1,153.9,7.25,4.340124195901645
KY,2016,2,153.4,7.25,4.941566063275502
KY,2016,3,152.7,7.25,4.362982200279602
KY,2016,4,153.2,7.25,3.7899167197532515
KY,2017,1,153.0,7.25,4.1671366864629
KY,2017,2,158.6,7.25,3.859042534764382
KY,2017,3,155.1,7.25,3.0317936128062115
KY,2017,4,157.3,7.25,3.624571145733339
KY,2018,1,159.6,7.25,3.5715792466260794
KY,2018,2,157.7,7.25,3.6497215151327085
KY,2018,3,160.5,7.25,3.895546434172286
KY,2018,4,162.1,7.25,3.5788291145530104
KY,2019,1,160.3,7.25,3.360192998522234
KY,2019,2,167.9,7.25,2.808901833066182
KY,2019,3,167.6,7.25,3.912867546663641
KY,2019,4,160.8,7.25,3.0586251358930294
KY,2020,1,155.5,7.25,3.3450383932625667
KY,2020,2,102.0,7.25,12.533622079555682
KY,2020,3,137.7,7.25,8.40028503391904
KY,2020,4,133.4,7.25,6.197551482111501
KY,2021,1,125.4,7.25,5.568761003624613
KY,2021,2,142.9,7.25,5.276801923316566
KY,2021,3,147.9,7.25,4.631033624623884
KY,2021,4,148.1,7.25,3.5778321743485537
KY,2022,1,151.5,7.25,3.1270058708855335
KY,2022,2,156.2,7.25,3.1727886739962523
KY,2022,3,158.2,7.25,3.0643664404624267
KY,2022,4,155.6,7.25,3.6920575022634896
KY,2023,1,160.8,7.25,2.245568663170779
KY,2023,2,158.7,7.25,3.3683116612654214
KY,2023,3,160.1,7.25,3.6146851634379717
KY,2023,4,156.8,7.25,2.6188425359662384
KY,2024,1,158.8,7.25,3.1380533274645783
KY,2024,2,161.1,7.25,3.4294273458899456
KY,2024,3,165.0,7.25,3.318606097273337
KY,2024,4,159.7,7.25,3.40751459941142
LA,2016,1,168.9,7.25,5.2234313383471465
LA,2016,2,168.8,7.25,5.311121682843145
LA,2016,3,170.6,7.25,5.477593428685184
LA,2016,4,168.8,7.25,4.900198487035007
LA,2017,1,169.1,7.25,5.105232277038947
LA,2017,2,170.1,7.25,4.840993720075195
LA,2017,3,173.0,7.25,4.520657598679189
LA,2017,4,169.9,7.25,4.313504084732681
LA,2018,1,172.3,7.25,4.561622363008247
LA,2018,2,178.8,7.25,4.292895085920884
LA,2018,3,174.9,7.25,4.382141885543237
LA,2018,4,175.7,7.25,3.8160210135235486
LA,2019,1,177.2,7.25,4.2267941713534105
LA,2019,2,182.7,7.25,3.9632338142509695
LA,2019,3,183.7,7.25,4.276157802154128
LA,2019,4,180.6,7.25,3.649874497346677
LA,2020,1,171.0,7.25,4.302394231263573
LA,2020,2,109.7,7.25,13.507825281978413
LA,2020,3,152.0,7.25,9.725917802521039
LA,2020,4,145.4,7.25,6.829871820425169
LA,2021,1,143.4,7.25,6.4348286342818
LA,2021,2,157.4,7.25,6.050791925050052
LA,2021,3,152.8,7.25,5.031064878096527
LA,2021,4,166.3,7.25,5.161404709995863
LA,2022,1,165.9,7.25,3.8595482604323106
LA,2022,2,171.2,7.25,3.7871070070005937
LA,2022,3,172.7,7.25,4.426728582201695
LA,2022,4,176.5,7.25,3.6060665156355833
LA,2023,1,173.5,7.25,4.158904100503262
LA,2023,2,175.9,7.25,3.5080913261145144
LA,2023,3,174.1,7.25,4.506007050675924
LA,2023,4,174.0,7.25,3.4810353236047904
LA,2024,1,173.8,7.25,3.605957804841849
LA,2024,2,178.3,7.25,4.268521959229375
LA,2024,3,180.4,7.25,4.923545436768868
LA,2024,4,180.1,7.25,4.522711154526075
MA,2016,1,250.7,10.0,5.690482104177789
MA,2016,2,262.9,10.0,5.782482080725626
MA,2016,3,255.8,10.0,5.891906298509563
MA,2016,4,257.0,10.0,5.086515250044958
MA,2017,1,256.7,11.0,5.195110141210232
MA,2017,2,256.8,11.0,5.522544996048761
MA,2017,3,266.9,11.0,5.250825399280328
MA,2017,4,259.6,11.0,4.944370766936141
MA,2018,1,264.9,11.0,5.005095947761563
MA,2018,2,264.9,11.0,4.903840279450447
MA,2018,3,265.1,11.0,4.537637863749137
MA,2018,4,268.3,11.0,4.366074350221252
MA,2019,1,269.2,12.0,4.8583193443712505
MA,2019,2,271.7,12.0,4.206053934557437
MA,2019,3,274.7,12.0,4.622041594556288
MA,2019,4,267.4,12.0,3.8887906865705935
MA,2020,1,255.9,13.5,5.008312459039638
MA,2020,2,162.3,13.5,14.04134501256586
MA,2020,3,222.3,13.5,9.776374688136109
MA,2020,4,214.6,13.5,7.8943730630256
MA,2021,1,210.2,14.25,7.599208101180719
MA,2021,2,227.9,14.25,7.103876787347385
MA,2021,3,234.0,14.25,5.4473034984424515
MA,2021,4,241.9,14.25,4.715692677821235
MA,2022,1,246.9,15.0,4.512120194533241
MA,2022,2,251.9,15.0,4.507393082905196
MA,2022,3,248.0,15.0,4.654863473982683
MA,2022,4,253.6,15.0,4.381842623895906
MA,2023,1,250.5,15.0,4.455595797185069
MA,2023,2,260.5,15.0,4.172950888135949
MA,2023,3,256.9,15.0,4.416110426944361
MA,2023,4,257.2,15.0,4.177567438787479
MA,2024,1,255.6,15.0,4.3225957940086746
MA,2024,2,260.8,15.0,4.494060386157045
MA,2024,3,261.5,15.0,4.806803791948746
MA,2024,4,256.6,15.0,5.315658306824297
MD,2016,1,199.8,8.75,5.723608317920235
MD,2016,2,203.7,8.75,5.007847829344515
MD,2016,3,202.3,8.75,5.127810162975008
MD,2016,4,199.8,8.75,4.95292495985538
MD,2017,1,205.2,9.25,5.081483980190099
MD,2017,2,208.9,9.25,4.143459925994839
MD,2017,3,209.9,9.25,4.497612979639692
MD,2017,4,208.7,9.25,4.101583273156285
MD,2018,1,204.9,10.1,3.7923467530672106
MD,2018,2,212.9,10.1,4.395350580929304
MD,2018,3,213.4,10.1,3.893562025810814
MD,2018,4,208.6,10.1,3.9719700485744474
MD,2019,1,215.9,10.1,4.153167546509109
MD,2019,2,212.4,10.1,3.6987582391778577
MD,2019,3,218.6,10.1,4.391722126979926
MD,2019,4,217.2,10.1,3.685034525101989
MD,2020,1,201.1,11.0,3.531828225587691
MD,2020,2,130.4,11.0,13.079099512835697
MD,2020,3,181.2,11.0,9.149135206924326
MD,2020,4,177.6,11.0,7.0589924537018565
MD,2021,1,172.6,11.75,6.072879640312163
MD,2021,2,187.0,11.75,6.378058673094123
MD,2021,3,191.6,11.75,4.77035384222938
MD,2021,4,191.8,11.75,4.742454481675617
MD,2022,1,199.3,12.5,3.6034095541494695
MD,2022,2,204.1,12.5,3.731340355188089
MD,2022,3,203.9,12.5,4.118584524298702
MD,2022,4,206.6,12.5,3.9350956215568127
MD,2023,1,204.5,13.25,3.9442234762047628
MD,2023,2,207.0,13.25,3.8848125088036713
MD,2023,3,204.3,13.25,4.285094504912072
MD,2023,4,206.7,13.25,4.217876876164805
MD,2024,1,208.0,15.0,3.7630906283297594
MD,2024,2,206.2,15.0,4.389096411028731
MD,2024,3,204.5,15.0,3.9412483623813674
MD,2024,4,206.7,15.0,4.281842448689356
ME,2016,1,49.9,7.5,6.491889489729717
ME,2016,2,49.6,7.5,6.425310330138874
ME,2016,3,50.6,7.5,6.444477675148553
ME,2016,4,50.7,7.5,5.7799794512438485
ME,2017,1,49.9,9.0,5.8386870618674624
ME,2017,2,51.2,9.0,6.178949879989812
ME,2017,3,52.4,9.0,5.751137477832945
ME,2017,4,51.0,9.0,5.767454233201727
ME,2018,1,52.6,10.0,5.571499536829078
ME,2018,2,52.7,10.0,5.371930865838664
ME,2018,3,51.8,10.0,5.544489165782741
ME,2018,4,51.6,10.0,5.008190605524729
ME,2019,1,53.4,11.0,5.391840257072236
ME,2019,2,54.4,11.0,4.9243214373784285
ME,2019,3,54.2,11.0,4.932655155760246
ME,2019,4,54.1,11.0,4.870252386949349
ME,2020,1,50.0,12.0,5.329644155480055
ME,2020,2,31.6,12.0,14.319379437490896
ME,2020,3,44.5,12.0,10.639730861661997
ME,2020,4,43.2,12.0,7.8946218333240905
ME,2021,1,41.9,12.15,7.6069425307415335
ME,2021,2,45.7,12.15,7.231084706507688
ME,2021,3,47.2,12.15,6.99709738929606
ME,2021,4,47.9,12.15,5.7219704569434136
ME,2022,1,47.9,12.75,5.572557385830532
ME,2022,2,49.7,12.75,4.6173359120788495
ME,2022,3,50.5,12.75,5.143119103750719
ME,2022,4,50.9,12.75,5.4298932626769725
ME,2023,1,51.3,13.8,4.987689220772568
ME,2023,2,51.4,13.8,5.282648136509546
ME,2023,3,50.5,13.8,5.00781748895983
ME,2023,4,50.8,13.8,5.585808256045615
ME,2024,1,50.6,14.15,5.8526734610757165
ME,2024,2,51.1,14.15,5.354152455858043
ME,2024,3,51.1,14.15,5.52935326756971
ME,2024,4,50.1,14.15,5.999019367125251
MI,2016,1,320.1,8.5,4.402281818619908
MI,2016,2,327.8,8.5,4.902168389425317
MI,2016,3,335.2,8.5,4.573962860404622
MI,2016,4,334.8,8.5,4.222634931833113
MI,2017,1,337.5,8.9,4.1622362389061625
MI,2017,2,339.5,8.9,3.848797419482755
MI,2017,3,347.2,8.9,3.4839675164989425
MI,2017,4,340.5,8.9,3.501852257337298
MI,2018,1,340.8,9.25,3.54289758292806
MI,2018,2,345.2,9.25,3.8688579777683545
MI,2018,3,349.2,9.25,3.5143540908872257
MI,2018,4,345.5,9.25,3.2163955539259725
MI,2019,1,348.5,9.45,4.356987833453067
MI,2019,2,345.7,9.45,3.164901932767211
MI,2019,3,355.1,9.45,3.7142018811463013
MI,2019,4,359.0,9.45,3.7504035741675255
MI,2020,1,330.8,9.65,3.0930829055340077
MI,2020,2,214.5,9.65,12.78625989605328
MI,2020,3,297.7,9.65,8.408810911558744
MI,2020,4,285.5,9.65,6.28439368786341
MI,2021,1,276.8,9.65,6.130684051873283
MI,2021,2,306.5,9.65,5.477209857904226
MI,2021,3,315.0,9.65,4.715280292933269
MI,2021,4,319.2,9.65,3.913636538143623
MI,2022,1,320.7,9.87,3.4520512263182397
MI,2022,2,328.2,9.87,3.0119999447275734
MI,2022,3,332.1,9.87,3.602842958285453
MI,2022,4,329.5,9.87,3.778630288383491
MI,2023,1,326.9,10.1,3.367156583691776
MI,2023,2,340.0,10.1,3.151105211524531
MI,2023,3,343.4,10.1,3.2525077859322766
MI,2023,4,334.7,10.1,3.252984987953277
MI,2024,1,338.8,10.33,4.171283916341023
MI,2024,2,344.5,10.33,4.045422497301204
MI,2024,3,337.9,10.33,3.7120379832562094
MI,2024,4,338.9,10.33,3.9134803550623523
MN,2016,1,195.9,9.5,5.8485459807458255
MN,2016,2,198.8,9.5,5.916072119910346
MN,2016,3,204.6,9.5,6.1181422051086125
MN,2016,4,196.9,9.5,5.932719624887248
MN,2017,1,202.1,9.5,6.02994586969299
MN,2017,2,203.7,9.5,6.135443949521046
MN,2017,3,201.5,9.5,5.379298419642926
MN,2017,4,204.3,9.5,4.992893414529604
MN,2018,1,202.2,9.65,4.818586819486782
MN,2018,2,203.9,9.65,4.813103575908565
MN,2018,3,208.8,9.65,4.9224444960290015
MN,2018,4,206.5,9.65,5.370749946946478
MN,2019,1,214.9,9.86,4.877099198180289
MN,2019,2,209.1,9.86,4.799518973382811
MN,2019,3,212.5,9.86,4.727455719069316
MN,2019,4,215.1,9.86,4.988900569925566
MN,2020,1,205.6,10.0,5.690462315653227
MN,2020,2,129.6,10.0,13.973121956015046
MN,2020,3,177.3,10.0,9.785550755135676
MN,2020,4,173.9,10.0,8.145630851011862
MN,2021,1,164.9,10.08,7.536950034779035
MN,2021,2,180.8,10.08,7.586394785611951
MN,2021,3,191.4,10.08,6.40756104348893
MN,2021,4,190.2,10.08,5.224594960655023
MN,2022,1,197.2,10.33,5.109579037098833
MN,2022,2,200.4,10.33,5.064993662066014
MN,2022,3,199.3,10.33,4.978527242250351
MN,2022,4,198.9,10.33,4.984564797223331
MN,2023,1,197.5,10.59,4.952384994767887
MN,2023,2,200.7,10.59,4.9831712650248425
MN,2023,3,204.2,10.59,5.247030285202399
MN,2023,4,207.2,10.59,5.026995554168034
MN,2024,1,200.2,10.85,4.782247163796085
MN,2024,2,203.6,10.85,5.176396693821138
MN,2024,3,204.4,10.85,5.694335277843648
MN,2024,4,209.6,10.85,4.987301886594969
MO,2016,1,212.1,7.65,4.0077554545807255
MO,2016,2,212.2,7.65,4.002403296916456
MO,2016,3,217.4,7.65,3.814565593874125
MO,2016,4,209.9,7.65,3.683304113498448
MO,2017,1,216.9,7.7,3.9276054969077396
MO,2017,2,219.3,7.7,2.935461770250133
MO,2017,3,220.5,7.7,3.2896723176735
MO,2017,4,217.6,7.7,3.109266532582961
MO,2018,1,223.2,7.85,3.3082709688682193
MO,2018,2,218.4,7.85,2.477205164562077
MO,2018,3,220.9,7.85,3.230819811800148
MO,2018,4,224.0,7.85,2.746368815473478
MO,2019,1,223.4,8.6,2.9622538521534056
MO,2019,2,229.9,8.6,2.461865760945257
MO,2019,3,226.8,8.6,2.743686394583978
MO,2019,4,223.4,8.6,2.4966659032298564
MO,2020,1,215.2,9.45,3.1449742713768645
MO,2020,2,140.9,9.45,11.54983141372584
MO,2020,3,188.6,9.45,7.834943437112077
MO,2020,4,185.3,9.45,5.8048333926581535
MO,2021,1,178.1,10.3,5.126367969835997
MO,2021,2,196.4,10.3,4.760879941152811
MO,2021,3,195.7,10.3,3.9733925044543117
MO,2021,4,205.4,10.3,3.2346714689552734
MO,2022,1,202.0,11.15,2.2392920178507127
MO,2022,2,209.5,11.15,2.8717841764638936
MO,2022,3,211.0,11.15,2.4382401278361696
MO,2022,4,211.6,11.15,2.7206204973549597
MO,2023,1,214.4,12.0,2.592410368181345
MO,2023,2,213.8,12.0,2.3245380719510376
MO,2023,3,216.3,12.0,2.642968166045226
MO,2023,4,215.3,12.0,2.0717076159572736
MO,2024,1,216.2,12.3,2.9019167703448465
MO,2024,2,217.5,12.3,3.3063003882415742
MO,2024,3,220.1,12.3,2.671981622563299
MO,2024,4,219.1,12.3,2.9603318251360458
MS,2016,1,90.3,7.25,5.956969330348261
MS,2016,2,94.6,7.25,5.731731713487109
MS,2016,3,91.6,7.25,6.523377835489134
MS,2016,4,94.5,7.25,6.0407572331673505
MS,2017,1,93.9,7.25,5.88500365533392
MS,2017,2,95.5,7.25,6.10388043466294
MS,2017,3,94.4,7.25,5.8645137146044926
MS,2017,4,94.6,7.25,5.422149911252115
MS,2018,1,92.1,7.25,5.207282180871864
MS,2018,2,93.9,7.25,5.653110698957176
MS,2018,3,95.7,7.25,5.486433853860731
MS,2018,4,93.7,7.25,5.161620741339319
MS,2019,1,96.2,7.25,5.945364599287433
MS,2019,2,97.2,7.25,4.770348070575288
MS,2019,3,98.0,7.25,4.633715949195713
MS,2019,4,98.5,7.25,4.78380107950876
MS,2020,1,91.8,7.25,5.277697695566484
MS,2020,2,59.6,7.25,14.564375335269942
MS,2020,3,81.7,7.25,10.219002683116235
MS,2020,4,81.8,7.25,8.296990119427422
MS,2021,1,77.5,7.25,7.315911673216
MS,2021,2,85.0,7.25,7.824502881695111
MS,2021,3,87.1,7.25,6.566728146955362
MS,2021,4,87.1,7.25,6.026562249949572
MS,2022,1,89.8,7.25,5.394191104386445
MS,2022,2,94.4,7.25,5.228399466219269
MS,2022,3,94.5,7.25,5.262303684542795
MS,2022,4,93.1,7.25,5.325686068478328
MS,2023,1,90.6,7.25,5.184190328433397
MS,2023,2,94.5,7.25,5.390119259512863
MS,2023,3,95.5,7.25,5.250329851383575
MS,2023,4,96.3,7.25,5.404074627749687
MS,2024,1,95.7,7.25,5.164452792186966
MS,2024,2,94.3,7.25,5.923408665107975
MS,2024,3,96.9,7.25,5.488455809855353
MS,2024,4,99.5,7.25,6.131655630346378
MT,2016,1,44.2,8.05,3.7793244577106995
MT,2016,2,43.4,8.05,3.99728747068402
MT,2016,3,43.7,8.05,3.5241527858521238
MT,2016,4,43.3,8.05,3.970984498861857
MT,2017,1,43.9,8.15,3.611192669513003
MT,2017,2,45.0,8.15,3.800299851105417
MT,2017,3,45.2,8.15,3.318504528162096
MT,2017,4,43.9,8.15,3.1939574661856636
MT,2018,1,45.9,8.3,3.149663716491934
MT,2018,2,44.3,8.3,2.7951262730709283
MT,2018,3,47.5,8.3,3.6432580187828076
MT,2018,4,44.6,8.3,2.6528143266988247
MT,2019,1,47.1,8.5,3.308630636840708
MT,2019,2,46.5,8.5,2.373485496281992
MT,2019,3,48.0,8.5,2.813213597428959
MT,2019,4,47.0,8.5,2.7452358292805608
MT,2020,1,43.3,8.65,2.894321086971571
MT,2020,2,27.8,8.65,11.930272764209139
MT,2020,3,39.3,8.65,7.822577609316822
MT,2020,4,37.9,8.65,5.680587329509074
MT,2021,1,37.2,8.75,6.022182064651647
MT,2021,2,39.6,8.75,4.994793253267565
MT,2021,3,41.1,8.75,4.359040813700195
MT,2021,4,41.9,8.75,3.8360617072286205
MT,2022,1,42.5,9.2,2.6386785797087553
MT,2022,2,44.3,9.2,2.712872250051392
MT,2022,3,43.4,9.2,2.620818340596594
MT,2022,4,45.2,9.2,2.775732646456001
MT,2023,1,43.0,9.95,2.5478705899657643
MT,2023,2,44.5,9.95,2.3820110544119446
MT,2023,3,45.9,9.95,2.8601972656
MT,2023,4,44.9,9.95,2.48278434687618
MT,2024,1,44.7,10.3,3.0982390012937158
MT,2024,2,44.9,10.3,3.288567122097391
MT,2024,3,45.6,10.3,3.153535335191805
MT,2024,4,44.4,10.3,3.0680791836888517
NC,2016,1,354.5,7.25,4.133510151979002
NC,2016,2,361.5,7.25,3.9910936258770318
NC,2016,3,364.7,7.25,3.7315926319792534
NC,2016,4,359.6,7.25,3.319622487691529
NC,2017,1,363.3,7.25,3.7231705150872783
NC,2017,2,371.2,7.25,3.331749136629726
NC,2017,3,373.4,7.25,3.38226148701152
NC,2017,4,358.0,7.25,3.1042550615077915
NC,2018,1,376.2,7.25,3.2285693355990013
NC,2018,2,384.2,7.25,2.5531329575350306
NC,2018,3,376.3,7.25,3.0089217406934985
NC,2018,4,374.3,7.25,2.572983402410921
NC,2019,1,380.3,7.25,3.3362817827907802
NC,2019,2,385.5,7.25,2.206947175576331
NC,2019,3,378.7,7.25,2.934492661952776
NC,2019,4,381.9,7.25,2.3730767560419954
NC,2020,1,370.4,7.25,2.4182781199188663
NC,2020,2,242.6,7.25,11.668537770786905
NC,2020,3,317.8,7.25,7.517599328544906
NC,2020,4,316.8,7.25,5.640953304923776
NC,2021,1,299.8,7.25,5.170554167413851
NC,2021,2,333.6,7.25,4.541593519821627
NC,2021,3,337.4,7.25,3.906397143324906
NC,2021,4,342.4,7.25,3.65638462858676
NC,2022,1,348.2,7.25,3.131966472033414
NC,2022,2,359.4,7.25,2.5446006219054107
NC,2022,3,370.6,7.25,2.425104564453661
NC,2022,4,369.4,7.25,2.5497129190186794
NC,2023,1,361.4,7.25,2.497758912822326
NC,2023,2,367.1,7.25,2.006865751443679
NC,2023,3,370.5,7.25,2.4364905597761974
NC,2023,4,375.4,7.25,2.013128298839924
NC,2024,1,370.1,7.25,2.6334704577847847
NC,2024,2,377.9,7.25,3.007862302914023
NC,2024,3,376.8,7.25,2.868747582313389
NC,2024,4,373.9,7.25,3.38589954999021
ND,2016,1,30.8,7.25,3.9692629192222473
ND,2016,2,31.3,7.25,5.03832610839993
ND,2016,3,31.3,7.25,4.406187400009691
ND,2016,4,31.0,7.25,4.772053741530882
ND,2017,1,31.6,7.25,3.7479192934782937
ND,2017,2,32.1,7.25,3.7659744502763313
ND,2017,3,32.8,7.25,4.07795445017068
ND,2017,4,32.5,7.25,3.6915873589688935
ND,2018,1,32.2,7.25,3.797662945484926
ND,2018,2,32.1,7.25,3.0616625075029114
ND,2018,3,33.5,7.25,3.7508460255045675
ND,2018,4,32.2,7.25,3.4709098063680757
ND,2019,1,32.9,7.25,3.5582926292883306
ND,2019,2,33.7,7.25,2.932121893316346
ND,2019,3,34.0,7.25,3.2349450159226723
ND,2019,4,32.6,7.25,2.9503579839428418
ND,2020,1,30.6,7.25,2.84265761462956
ND,2020,2,20.4,7.25,12.522678122124443
ND,2020,3,27.7,7.25,8.290785858174132
ND,2020,4,27.0,7.25,6.556525430603425
ND,2021,1,26.5,7.25,5.067477044946628
ND,2021,2,29.2,7.25,5.5083649262973
ND,2021,3,30.2,7.25,4.291134563209173
ND,2021,4,30.3,7.25,3.8335719802995527
ND,2022,1,30.8,7.25,3.45008899431408
ND,2022,2,31.8,7.25,3.111751544501831
ND,2022,3,32.1,7.25,3.379992915084214
ND,2022,4,31.7,7.25,2.8640751599109793
ND,2023,1,32.1,7.25,3.370121112725399
ND,2023,2,32.2,7.25,2.825381317782646
ND,2023,3,31.8,7.25,2.77103538249392
ND,2023,4,32.2,7.25,3.156086186490946
ND,2024,1,32.6,7.25,2.6092577208368932
ND,2024,2,32.7,7.25,3.6140571453147494
ND,2024,3,32.8,7.25,3.660029844866821
ND,2024,4,32.2,7.25,4.007911054053699
NE,2016,1,73.2,9.0,4.596370754953183
NE,2016,2,75.5,9.0,4.401209340396937
NE,2016,3,76.4,9.0,4.041547177440532
NE,2016,4,74.7,9.0,3.841365506467361
NE,2017,1,76.6,9.0,3.849652302397675
NE,2017,2,77.7,9.0,4.269167212831142
NE,2017,3,77.3,9.0,3.6607234534323556
NE,2017,4,76.1,9.0,3.47515531192021
NE,2018,1,76.4,9.0,3.655227853972442
NE,2018,2,78.0,9.0,3.2177795654708437
NE,2018,3,78.2,9.0,2.9684301740166785
NE,2018,4,77.8,9.0,2.8872378630373965
NE,2019,1,79.0,9.0,3.1246624399386707
NE,2019,2,81.0,9.0,2.8349761468099373
NE,2019,3,79.9,9.0,3.0644316808539838
NE,2019,4,79.4,9.0,2.7617265835050797
NE,2020,1,75.8,9.0,3.2659348409275633
NE,2020,2,48.6,9.0,12.221927843730315
NE,2020,3,66.6,9.0,8.069733374857718
NE,2020,4,65.6,9.0,5.346682612403258
NE,2021,1,63.8,9.0,5.721041120173635
NE,2021,2,69.2,9.0,5.250089360532288
NE,2021,3,70.8,9.0,4.645545850720785
NE,2021,4,71.5,9.0,2.577266204304783
NE,2022,1,73.3,9.0,3.6726552291971077
NE,2022,2,75.7,9.0,2.8042659293163377
NE,2022,3,76.8,9.0,3.178597662784145
NE,2022,4,76.5,9.0,2.6341710396252305
NE,2023,1,76.0,10.5,2.9299749892816607
NE,2023,2,76.9,10.5,2.430118148810793
NE,2023,3,77.3,10.5,2.7590121295541485
NE,2023,4,76.4,10.5,3.5203522239229255
NE,2024,1,75.8,12.0,2.888938097533886
NE,2024,2,76.9,12.0,3.3113726797168064
NE,2024,3,78.7,12.0,3.707163136969516
NE,2024,4,76.2,12.0,3.4948473841546708
NH,2016,1,55.4,7.25,6.224576367750596
NH,2016,2,56.5,7.25,6.834864838576701
NH,2016,3,56.8,7.25,6.522732317156309
NH,2016,4,56.8,7.25,6.126128885057385
NH,2017,1,56.7,7.25,5.899166410139131
NH,2017,2,57.3,7.25,5.754092219184573
NH,2017,3,57.6,7.25,5.693112455473784
NH,2017,4,57.7,7.25,5.568611188897993
NH,2018,1,57.1,7.25,5.110844505968769
NH,2018,2,58.6,7.25,5.434365046704779
NH,2018,3,57.7,7.25,4.806964728933673
NH,2018,4,57.7,7.25,5.523180414106632
NH,2019,1,58.3,7.25,5.002354161697006
NH,2019,2,59.7,7.25,5.022831154324923
NH,2019,3,60.0,7.25,5.235385430405476
NH,2019,4,59.1,7.25,4.758128645382735
NH,2020,1,57.0,7.25,5.236022664152027
NH,2020,2,36.4,7.25,14.764397123179085
NH,2020,3,50.3,7.25,10.30316355479005
NH,2020,4,49.3,7.25,8.140507847324377
NH,2021,1,47.1,7.25,7.0284070399759315
NH,2021,2,51.3,7.25,6.9537259826000035
NH,2021,3,53.9,7.25,6.747918696717073
NH,2021,4,54.0,7.25,5.704827750024484
NH,2022,1,56.5,7.25,5.350282540557592
NH,2022,2,56.7,7.25,5.12446173808654
NH,2022,3,56.8,7.25,5.320769616934682
NH,2022,4,57.1,7.25,4.955422680935533
NH,2023,1,56.0,7.25,4.86999264605886
NH,2023,2,58.5,7.25,4.5252403584833445
NH,2023,3,58.7,7.25,4.6504358833911565
NH,2023,4,57.2,7.25,4.540720443745652
NH,2024,1,58.4,7.25,4.768293608722115
NH,2024,2,58.0,7.25,5.799611203068962
NH,2024,3,58.9,7.25,5.068024538077259
NH,2024,4,59.2,7.25,5.34278186274891
NJ,2016,1,306.9,8.38,5.0123599229289315
NJ,2016,2,306.9,8.38,4.822700501690811
NJ,2016,3,315.1,8.38,4.313310271334704
NJ,2016,4,306.8,8.38,4.995486116491312
NJ,2017,1,311.5,8.44,4.614285020985498
NJ,2017,2,311.6,8.44,3.9223059598354344
NJ,2017,3,315.6,8.44,3.169933660425948
NJ,2017,4,312.5,8.44,4.407038146665243
NJ,2018,1,315.4,8.6,3.302883634858941
NJ,2018,2,312.9,8.6,3.0261357508009525
NJ,2018,3,325.3,8.6,3.726526504490912
NJ,2018,4,318.3,8.6,4.051681096789802
NJ,2019,1,323.3,10.0,3.9350372204411754
NJ,2019,2,326.9,10.0,3.3889281109037284
NJ,2019,3,325.4,10.0,3.398181677387606
NJ,2019,4,327.9,10.0,3.3757800425221127
NJ,2020,1,305.4,11.0,3.6474339518240497
NJ,2020,2,203.0,11.0,12.704112802078834
NJ,2020,3,270.4,11.0,8.451015706073584
NJ,2020,4,263.7,11.0,6.300977436518163
NJ,2021,1,253.6,12.0,5.5935659982280175
NJ,2021,2,280.3,12.0,5.435552851827989
NJ,2021,3,290.9,12.0,4.211868330629405
NJ,2021,4,296.8,12.0,3.7902534868495956
NJ,2022,1,288.3,13.0,3.1231780427427447
NJ,2022,2,305.4,13.0,2.888678579723289
NJ,2022,3,302.1,13.0,3.273723620234064
NJ,2022,4,311.3,13.0,3.7373560607914
NJ,2023,1,301.8,14.13,3.395250356688714
NJ,2023,2,311.9,14.13,2.648605193801067
NJ,2023,3,308.4,14.13,3.0228669339169194
NJ,2023,4,310.3,14.13,3.601986731284485
NJ,2024,1,306.7,15.49,3.0250091568265276
NJ,2024,2,315.5,15.49,3.552365429888913
NJ,2024,3,304.8,15.49,3.984771004595386
NJ,2024,4,309.1,15.49,3.4292520384289293
NM,2016,1,77.5,7.5,4.498302993336023
NM,2016,2,78.6,7.5,4.010999858324366
NM,2016,3,78.3,7.5,3.992457905186535
NM,2016,4,76.6,7.5,3.4631466284367343
NM,2017,1,75.3,7.5,4.163539454004993
NM,2017,2,76.9,7.5,3.421771793043876
NM,2017,3,78.0,7.5,3.170626066528629
NM,2017,4,77.6,7.5,3.163421561182365
NM,2018,1,78.6,7.5,3.2859034430608633
NM,2018,2,81.3,7.5,2.986079665680352
NM,2018,3,79.9,7.5,3.206161061788058
NM,2018,4,79.3,7.5,2.8595065088509397
NM,2019,1,80.3,7.5,2.8591324998221204
NM,2019,2,84.0,7.5,2.764672707984948
NM,2019,3,83.4,7.5,2.794206173424668
NM,2019,4,82.4,7.5,2.1554022673077284
NM,2020,1,76.8,9.0,3.189140961565995
NM,2020,2,49.9,9.0,11.954043837278473
NM,2020,3,68.4,9.0,7.761718076035253
NM,2020,4,67.5,9.0,5.969727839209665
NM,2021,1,63.5,10.5,5.468464610364755
NM,2021,2,68.0,10.5,4.734065539427055
NM,2021,3,70.0,10.5,4.385185528530586
NM,2021,4,73.5,10.5,3.0761805976400236
NM,2022,1,73.9,11.5,3.3901869570964775
NM,2022,2,74.8,11.5,2.395856848707152
NM,2022,3,77.2,11.5,2.71615828159865
NM,2022,4,76.9,11.5,2.509709752014599
NM,2023,1,77.2,12.0,3.2111237318274033
NM,2023,2,78.1,12.0,2.172968759860746
NM,2023,3,77.0,12.0,2.9016238672627543
NM,2023,4,77.4,12.0,2.5238419187435412
NM,2024,1,76.9,12.0,2.638082750652485
NM,2024,2,77.2,12.0,3.1803763932104334
NM,2024,3,78.8,12.0,3.611690374374724
NM,2024,4,77.7,12.0,3.631334011776594
NV,2016,1,148.4,8.25,4.872844702639861
NV,2016,2,151.6,8.25,4.629151344268487
NV,2016,3,153.4,8.25,5.013607623636834
NV,2016,4,149.5,8.25,5.6140050394385055
NV,2017,1,152.0,8.25,4.598989867751291
NV,2017,2,155.3,8.25,5.031827279775431
NV,2017,3,156.4,8.25,4.943402482365142
NV,2017,4,152.9,8.25,4.074015765629811
NV,2018,1,156.9,8.25,4.410787161897792
NV,2018,2,158.1,8.25,4.528611225080771
NV,2018,3,159.0,8.25,3.8263539158459636
NV,2018,4,157.2,8.25,3.779018130111502
NV,2019,1,158.7,8.25,3.8655879639576165
NV,2019,2,162.3,8.25,3.43566521893435
NV,2019,3,161.5,8.25,3.545308974622408
NV,2019,4,162.3,8.25,3.272910158113533
NV,2020,1,152.1,9.0,3.950317278619978
NV,2020,2,98.3,9.0,12.909100268824616
NV,2020,3,134.4,9.0,9.010228011679434
NV,2020,4,131.5,9.0,6.3733235442811225
NV,2021,1,127.2,9.75,6.439356307806547
NV,2021,2,139.2,9.75,6.290150926624888
NV,2021,3,142.2,9.75,4.641971545370773
NV,2021,4,143.9,9.75,4.452309209096482
NV,2022,1,144.5,10.5,4.308392935884197
NV,2022,2,150.0,10.5,3.3771999325348485
NV,2022,3,154.5,10.5,4.241863954193521
NV,2022,4,151.9,10.5,3.9657979409520236
NV,2023,1,151.6,11.25,3.4285886814146873
NV,2023,2,154.3,11.25,3.6233615148448983
NV,2023,3,156.1,11.25,4.007590311898727
NV,2023,4,152.8,11.25,3.862893855565934
NV,2024,1,152.7,12.0,4.001719035876121
NV,2024,2,156.8,12.0,3.8638901602184004
NV,2024,3,154.8,12.0,4.390900485353034
NV,2024,4,154.5,12.0,3.815977889070716
NY,2016,1,671.4,9.0,4.165068856555387
NY,2016,2,687.4,9.0,3.597995231078748
NY,2016,3,668.9,9.0,4.084232191333329
NY,2016,4,660.4,9.0,3.1256663020222373
NY,2017,1,679.9,9.7,3.3298566185451195
NY,2017,2,688.7,9.7,2.7678861410756843
NY,2017,3,688.1,9.7,3.111928375732166
NY,2017,4,686.8,9.7,3.1240528028551338
NY,2018,1,697.2,10.4,2.9125854752220146
NY,2018,2,691.5,10.4,3.058144366931204
NY,2018,3,718.3,10.4,2.36527557675142
NY,2018,4,698.5,10.4,2.5576321750468796
NY,2019,1,717.8,11.8,2.5317885518560015
NY,2019,2,724.0,11.8,2.4985323245672553
NY,2019,3,716.4,11.8,2.5411501628038864
NY,2019,4,720.3,11.8,2.464748136935378
NY,2020,1,663.0,12.5,2.2688510474694783
NY,2020,2,437.1,12.5,11.523105518404188
NY,2020,3,596.6,12.5,7.3787430364828035
NY,2020,4,582.4,12.5,5.4183651245801805
NY,2021,1,572.3,12.5,5.016185270202088
NY,2021,2,622.9,12.5,4.902456085497162
NY,2021,3,629.3,12.5,3.635599739138389
NY,2021,4,639.7,12.5,2.5097235596296334
NY,2022,1,640.5,13.2,3.236752297902196
NY,2022,2,673.4,13.2,2.0505934427444297
NY,2022,3,678.1,13.2,2.6409264658388243
NY,2022,4,690.1,13.2,2.4994094121147614
NY,2023,1,663.2,14.2,2.3654210411820733
NY,2023,2,693.2,14.2,2.2895641971893883
NY,2023,3,669.7,14.2,2.3745767843560217
NY,2023,4,678.7,14.2,2.629221033817197
NY,2024,1,669.4,16.0,2.3584531870629704
NY,2024,2,663.5,16.0,3.139920173111196
NY,2024,3,681.2,16.0,3.1605616508170056
NY,2024,4,693.9,16.0,3.069907582924607
OH,2016,1,402.2,8.1,4.2615494902855
OH,2016,2,414.5,8.1,4.08731386944627
OH,2016,3,410.0,8.1,4.474990370365243
OH,2016,4,415.2,8.1,3.844497022756811
OH,2017,1,406.9,8.15,4.122491764504861
OH,2017,2,415.5,8.15,3.8113017183008617
OH,2017,3,418.7,8.15,4.039806087043596
OH,2017,4,413.2,8.15,3.6564468871581077
OH,2018,1,410.9,8.3,3.506529329670579
OH,2018,2,424.4,8.3,3.5593673070542082
OH,2018,3,429.7,8.3,3.631099681999316
OH,2018,4,419.3,8.3,3.281380509199681
OH,2019,1,432.4,8.55,3.3171432032471366
OH,2019,2,436.2,8.55,2.6204865475890746
OH,2019,3,444.8,8.55,2.6945033183715106
OH,2019,4,438.0,8.55,2.822470005987722
OH,2020,1,408.6,8.7,3.031183756646337
OH,2020,2,266.4,8.7,12.357946026398487
OH,2020,3,359.4,8.7,8.231032394763254
OH,2020,4,353.0,8.7,6.272945243601142
OH,2021,1,344.3,8.8,5.592887783876395
OH,2021,2,369.0,8.8,5.459987910441983
OH,2021,3,394.1,8.8,4.533379741737158
OH,2021,4,396.0,8.8,3.0213974473879612
OH,2022,1,399.5,9.3,2.932236799148496
OH,2022,2,402.2,9.3,2.970811150577638
OH,2022,3,415.3,9.3,2.65112899444179
OH,2022,4,414.3,9.3,3.294016036292984
OH,2023,1,405.2,10.1,3.3732626669972317
OH,2023,2,417.6,10.1,3.2796659728033175
OH,2023,3,416.7,10.1,3.05000455601506
OH,2023,4,420.4,10.1,3.561255258349108
OH,2024,1,422.3,10.45,3.158637654454756
OH,2024,2,423.4,10.45,3.3129116259587104
OH,2024,3,428.0,10.45,3.4300166182318406
OH,2024,4,415.5,10.45,3.4232965113476834
OK,2016,1,137.4,7.25,5.481190039221077
OK,2016,2,136.5,7.25,5.257864520670075
OK,2016,3,138.9,7.25,5.016194437167059
OK,2016,4,138.3,7.25,5.550214599860146
OK,2017,1,137.8,7.25,5.426342120611018
OK,2017,2,139.5,7.25,5.663088645721698
OK,2017,3,142.0,7.25,4.5632921730829175
OK,2017,4,138.8,7.25,4.613795878882786
OK,2018,1,142.8,7.25,4.637931780825653
OK,2018,2,141.0,7.25,4.773294856567035
OK,2018,3,141.3,7.25,4.224351656842613
OK,2018,4,141.1,7.25,3.9251714688296393
OK,2019,1,145.9,7.25,4.8388268176206966
OK,2019,2,144.4,7.25,4.081489016304028
OK,2019,3,145.4,7.25,4.440077078000209
OK,2019,4,146.7,7.25,4.305143545320059
OK,2020,1,136.0,7.25,4.367516882911706
OK,2020,2,88.7,7.25,13.524189913571972
OK,2020,3,123.2,7.25,9.259014583183454
OK,2020,4,122.2,7.25,7.271926086451399
OK,2021,1,114.2,7.25,7.035414092933585
OK,2021,2,128.3,7.25,6.237551970764522
OK,2021,3,129.5,7.25,5.709137714145132
OK,2021,4,132.6,7.25,4.440894596622753
OK,2022,1,135.8,7.25,4.0782521551697375
OK,2022,2,140.9,7.25,4.167202325935709
OK,2022,3,138.4,7.25,3.5884366225942466
OK,2022,4,140.1,7.25,4.8946516100672115
OK,2023,1,140.0,7.25,3.7185660386093247
OK,2023,2,141.8,7.25,4.064457471285429
OK,2023,3,142.0,7.25,4.626949341627455
OK,2023,4,141.4,7.25,4.017612423457246
OK,2024,1,140.1,7.25,3.585674928218981
OK,2024,2,145.3,7.25,4.443000297044994
OK,2024,3,142.6,7.25,4.51403791105956
OK,2024,4,142.3,7.25,3.9935719725047942
OR,2016,1,152.9,9.75,5.554327809913196
OR,2016,2,157.4,9.75,6.067021037729994
OR,2016,3,155.4,9.75,5.573364969590112
OR,2016,4,152.9,9.75,6.102852545575252
OR,2017,1,152.3,10.25,5.758427392912951
OR,2017,2,157.1,10.25,5.10867620906746
OR,2017,3,159.0,10.25,5.802242095490821
OR,2017,4,154.8,10.25,4.7733351546101686
OR,2018,1,155.0,10.75,5.177678243113962
OR,2018,2,161.1,10.75,4.844837405633117
OR,2018,3,161.1,10.75,5.04557201833081
OR,2018,4,161.5,10.75,5.023502990529226
OR,2019,1,163.1,11.25,4.7646508762309
OR,2019,2,162.3,11.25,4.229024270407316
OR,2019,3,162.7,11.25,4.593041274392906
OR,2019,4,164.5,11.25,4.151735020585539
OR,2020,1,155.7,12.0,5.259065805769158
OR,2020,2,99.0,12.0,13.896010230835993
OR,2020,3,134.8,12.0,9.54545316611754
OR,2020,4,132.0,12.0,7.610453723270643
OR,2021,1,127.7,12.75,6.650911744652262
OR,2021,2,140.3,12.75,6.463565419957976
OR,2021,3,142.5,12.75,6.315173803894498
OR,2021,4,147.0,12.75,4.857981347819752
OR,2022,1,146.7,13.5,4.340976336706588
OR,2022,2,150.8,13.5,4.616045457269357
OR,2022,3,153.0,13.5,4.81076087791007
OR,2022,4,157.7,13.5,4.7707356247106905
OR,2023,1,151.3,14.2,4.653863937252916
OR,2023,2,154.8,14.2,4.128011104940333
OR,2023,3,154.1,14.2,4.128506431488618
OR,2023,4,155.8,14.2,5.005449727097817
OR,2024,1,152.8,14.7,4.45824567985853
OR,2024,2,154.8,14.7,4.779799726574656
OR,2024,3,156.9,14.7,5.453507874065888
OR,2024,4,155.9,14.7,5.121918634331368
PA,2016,1,435.7,7.25,5.156705368955188
PA,2016,2,440.7,7.25,5.343290342691502
PA,2016,3,447.9,7.25,5.768398367647727
PA,2016,4,446.6,7.25,5.671494233129092
PA,2017,1,431.3,7.25,5.355453135941513
PA,2017,2,439.4,7.25,5.009741512581475
PA,2017,3,454.9,7.25,4.475591800217918
PA,2017,4,448.0,7.25,4.6394755807607435
PA,2018,1,466.0,7.25,4.698759012855891
PA,2018,2,461.2,7.25,4.268601713055078
PA,2018,3,462.8,7.25,4.053279884256693
PA,2018,4,460.4,7.25,3.7473234585803357
PA,2019,1,457.2,7.25,3.8103938341080044
PA,2019,2,463.8,7.25,3.4473477066270437
PA,2019,3,474.4,7.25,4.205545532483571
PA,2019,4,470.8,7.25,3.976022558191425
PA,2020,1,459.1,7.25,4.086569421161062
PA,2020,2,287.8,7.25,13.332275871306
PA,2020,3,389.2,7.25,9.294853923082538
PA,2020,4,375.3,7.25,7.082343839320814
PA,2021,1,365.6,7.25,6.229546806622244
PA,2021,2,402.0,7.25,6.605612826705682
PA,2021,3,409.4,7.25,5.622950611824335
PA,2021,4,415.4,7.25,4.7114823045675465
PA,2022,1,433.3,7.25,4.482981571630903
PA,2022,2,440.6,7.25,3.78761915380549
PA,2022,3,454.2,7.25,4.395832191941145
PA,2022,4,446.1,7.25,4.089699905040721
PA,2023,1,446.4,7.25,4.198292424722655
PA,2023,2,456.0,7.25,4.152047470669689
PA,2023,3,449.8,7.25,3.8200722122226254
PA,2023,4,463.3,7.25,4.282582882097633
PA,2024,1,448.9,7.25,4.2295951618773975
PA,2024,2,448.1,7.25,4.440806257871695
PA,2024,3,461.9,7.25,4.603401235612778
PA,2024,4,471.3,7.25,4.505944785708054
RI,2016,1,42.6,9.6,5.41935472543096
RI,2016,2,42.5,9.6,5.753848935582415
RI,2016,3,44.6,9.6,5.949424651385978
RI,2016,4,42.7,9.6,5.384321202976705
RI,2017,1,42.9,9.6,5.4705896337355755
RI,2017,2,44.1,9.6,5.588604213346458
RI,2017,3,42.8,9.6,5.050165683802456
RI,2017,4,42.4,9.6,5.558444664210004
RI,2018,1,44.6,10.1,4.947592623645349
RI,2018,2,45.4,10.1,4.049710902209141
RI,2018,3,44.8,10.1,4.7039422162872455
RI,2018,4,42.9,10.1,4.492287245420719
RI,2019,1,44.8,10.5,4.96486555618071
RI,2019,2,44.5,10.5,4.479894135336874
RI,2019,3,46.9,10.5,4.236402934760755
RI,2019,4,45.2,10.5,3.8106502590690767
RI,2020,1,43.1,10.5,4.415232752770079
RI,2020,2,27.0,10.5,13.422783593693095
RI,2020,3,38.3,10.5,9.30378269501447
RI,2020,4,37.2,10.5,7.554513251282069
RI,2021,1,35.6,11.5,7.378911081261308
RI,2021,2,40.0,11.5,6.696341188902781
RI,2021,3,40.8,11.5,5.41917481134533
RI,2021,4,39.6,11.5,5.011320530421929
RI,2022,1,40.8,12.25,4.836929175949582
RI,2022,2,42.2,12.25,4.095004858660072
RI,2022,3,42.2,12.25,4.237734579954012
RI,2022,4,43.6,12.25,4.382346188374646
RI,2023,1,41.5,13.0,3.9424702360312143
RI,2023,2,43.1,13.0,4.372423860109044
RI,2023,3,42.9,13.0,4.341655285373552
RI,2023,4,42.3,13.0,4.5037994631279945
RI,2024,1,43.7,14.0,4.111692076615256
RI,2024,2,44.0,14.0,4.546702239858863
RI,2024,3,41.8,14.0,5.094654137304218
RI,2024,4,43.6,14.0,4.6660897843283555
SC,2016,1,175.7,7.25,6.143847372899044
SC,2016,2,170.5,7.25,5.76076682458261
SC,2016,3,180.2,7.25,6.565720097103503
SC,2016,4,172.0,7.25,6.290619163742633
SC,2017,1,179.5,7.25,5.679348252940649
SC,2017,2,178.2,7.25,6.326161740868616
SC,2017,3,179.1,7.25,6.293330707360888
SC,2017,4,175.5,7.25,5.363731347947708
SC,2018,1,179.3,7.25,5.938967590174844
SC,2018,2,180.2,7.25,5.217103671384458
SC,2018,3,186.4,7.25,5.34333796594506
SC,2018,4,182.0,7.25,4.93827437237547
SC,2019,1,180.6,7.25,6.053278469920424
SC,2019,2,185.4,7.25,5.000197844682773
SC,2019,3,186.1,7.25,5.12693771972878
SC,2019,4,188.5,7.25,4.782621796642594
SC,2020,1,170.4,7.25,5.8473976920526605
SC,2020,2,114.4,7.25,15.054987406708566
SC,2020,3,155.4,7.25,10.778281767260625
SC,2020,4,149.6,7.25,8.475935117386028
SC,2021,1,143.3,7.25,7.501566148801526
SC,2021,2,163.3,7.25,7.637358041670468
SC,2021,3,163.5,7.25,6.5868901732043215
SC,2021,4,172.9,7.25,6.082725599404532
SC,2022,1,171.3,7.25,5.6237736288913505
SC,2022,2,174.7,7.25,4.894223339458964
SC,2022,3,167.6,7.25,5.373350753732907
SC,2022,4,184.6,7.25,5.39361334789492
SC,2023,1,178.9,7.25,4.156934154007708
SC,2023,2,180.9,7.25,5.229284004770581
SC,2023,3,180.5,7.25,5.05946427628968
SC,2023,4,182.3,7.25,4.923190276582241
SC,2024,1,179.1,7.25,4.9360248315936195
SC,2024,2,187.9,7.25,5.448430144192133
SC,2024,3,178.5,7.25,5.833020886907748
SC,2024,4,181.2,7.25,5.179364406224088
SD,2016,1,35.8,8.55,5.299733295418809
SD,2016,2,36.9,8.55,6.163217112617827
SD,2016,3,36.8,8.55,5.973299451375176
SD,2016,4,35.9,8.55,5.581618653758154
SD,2017,1,36.5,8.65,5.33904411306262
SD,2017,2,37.2,8.65,4.819157571700527
SD,2017,3,37.2,8.65,4.895327309896253
SD,2017,4,36.6,8.65,5.133613928628825
SD,2018,1,37.1,8.85,5.372365234497952
SD,2018,2,37.5,8.85,5.069962401199226
SD,2018,3,37.9,8.85,4.360334516181687
SD,2018,4,37.5,8.85,4.071104112730866
SD,2019,1,37.9,9.1,4.64925521679093
SD,2019,2,38.9,9.1,3.7764575330487142
SD,2019,3,38.6,9.1,4.403939656973004
SD,2019,4,38.8,9.1,4.16270856682797
SD,2020,1,36.8,9.3,4.367178392157096
SD,2020,2,23.7,9.3,13.228578422537531
SD,2020,3,32.1,9.3,9.661069374688486
SD,2020,4,31.0,9.3,7.247179090818996
SD,2021,1,30.3,9.45,6.556014292004483
SD,2021,2,33.1,9.45,5.745310678733076
SD,2021,3,33.3,9.45,5.798734871202379
SD,2021,4,35.2,9.45,5.4386648217184925
SD,2022,1,35.6,9.95,5.00536710708193
SD,2022,2,36.3,9.95,4.169860465741688
SD,2022,3,36.3,9.95,4.1263257246090355
SD,2022,4,36.9,9.95,4.5476216195400765
SD,2023,1,36.7,10.8,3.9074737109610824
SD,2023,2,36.0,10.8,4.29752691266341
SD,2023,3,36.4,10.8,4.636813426232976
SD,2023,4,36.6,10.8,4.775069309882862
SD,2024,1,36.9,11.2,4.376943119773584
SD,2024,2,37.0,11.2,4.64588721766448
SD,2024,3,37.2,11.2,4.643594566690601
SD,2024,4,37.0,11.2,4.558925236505612
TN,2016,1,238.3,7.25,5.866679312365973
TN,2016,2,242.7,7.25,5.841914684645061
TN,2016,3,243.9,7.25,6.027614487167246
TN,2016,4,242.1,7.25,6.389195179978573
TN,2017,1,242.5,7.25,5.760940331899522
TN,2017,2,244.5,7.25,5.614557880085834
TN,2017,3,242.0,7.25,5.549257027869962
TN,2017,4,242.9,7.25,4.979455824115528
TN,2018,1,249.1,7.25,4.789913996410301
TN,2018,2,251.9,7.25,4.8107715211423905
TN,2018,3,254.3,7.25,5.092886954905
TN,2018,4,249.9,7.25,4.9449630589377325
TN,2019,1,254.0,7.25,5.329485712308429
TN,2019,2,256.2,7.25,4.847788710050845
TN,2019,3,261.2,7.25,4.785898954122349
TN,2019,4,258.2,7.25,4.537560059085572
TN,2020,1,242.3,7.25,5.284145778521918
TN,2020,2,157.0,7.25,13.943009699946895
TN,2020,3,214.6,7.25,9.685643886374304
TN,2020,4,208.1,7.25,8.08888039677954
TN,2021,1,204.5,7.25,7.018816548367013
TN,2021,2,221.4,7.25,7.8432010411607
TN,2021,3,228.4,7.25,6.342761755730853
TN,2021,4,234.2,7.25,5.523135576460575
TN,2022,1,237.1,7.25,4.776237794206093
TN,2022,2,242.0,7.25,4.724184288290647
TN,2022,3,247.6,7.25,4.690736606498404
TN,2022,4,246.2,7.25,4.756213245262518
TN,2023,1,250.7,7.25,4.908652267016058
TN,2023,2,249.1,7.25,4.583890930095526
TN,2023,3,251.8,7.25,5.224014110288365
TN,2023,4,249.3,7.25,5.717718446599057
TN,2024,1,247.4,7.25,4.830101369519145
TN,2024,2,255.4,7.25,5.2644583956360975
TN,2024,3,254.7,7.25,5.532608358712762
TN,2024,4,250.5,7.25,5.8622151853411655
TX,2016,1,1006.2,7.25,3.323534333644653
TX,2016,2,1044.1,7.25,2.7687708921919527
TX,2016,3,1043.0,7.25,3.776143978487635
TX,2016,4,1069.2,7.25,3.7163564895661936
TX,2017,1,1037.8,7.25,2.7362963065777834
TX,2017,2,1087.7,7.25,2.842256825827354
TX,2017,3,1065.4,7.25,3.2309223155418936
TX,2017,4,1083.8,7.25,3.4624246781538437
TX,2018,1,1106.5,7.25,2.851414149542957
TX,2018,2,1114.0,7.25,2.4267751548715943
TX,2018,3,1110.3,7.25,2.4903071049088825
TX,2018,4,1077.1,7.25,2.8576389629847903
TX,2019,1,1069.5,7.25,2.451386783502974
TX,2019,2,1144.6,7.25,2.1054184352452587
TX,2019,3,1138.7,7.25,2.200352980585725
TX,2019,4,1081.9,7.25,1.959177454762721
TX,2020,1,1071.8,7.25,2.581977132038773
TX,2020,2,677.9,7.25,12.232579574781202
TX,2020,3,949.9,7.25,7.642099819175144
TX,2020,4,917.9,7.25,5.369469986602449
TX,2021,1,857.4,7.25,4.857632656565672
TX,2021,2,976.4,7.25,4.176218794631337
TX,2021,3,999.7,7.25,4.110108970384482
TX,2021,4,1023.7,7.25,2.921824878136494
TX,2022,1,991.4,7.25,2.491032063163147
TX,2022,2,1071.6,7.25,3.303108307593793
TX,2022,3,1057.3,7.25,2.4348019097500404
TX,2022,4,1069.4,7.25,2.2196387222117795
TX,2023,1,1089.0,7.25,2.1172687583786716
TX,2023,2,1070.6,7.25,2.5897097499993613
TX,2023,3,1117.1,7.25,2.4791571604016642
TX,2023,4,1129.1,7.25,2.013692643745125
TX,2024,1,1059.9,7.25,2.720944717612896
TX,2024,2,1083.9,7.25,2.5447328115786365
TX,2024,3,1082.7,7.25,3.5071653701055983
TX,2024,4,1083.8,7.25,3.1691904569547287
UT,2016,1,127.4,7.25,6.023359543098812
UT,2016,2,127.7,7.25,5.736196041385691
UT,2016,3,124.8,7.25,5.428008095451918
UT,2016,4,125.6,7.25,5.629058844061955
UT,2017,1,127.6,7.25,5.888514517936016
UT,2017,2,128.0,7.25,5.490650739796247
UT,2017,3,134.7,7.25,5.443884680595491
UT,2017,4,131.7,7.25,4.865415772733656
UT,2018,1,129.9,7.25,4.9140784274421545
UT,2018,2,129.8,7.25,4.938770125282064
UT,2018,3,132.9,7.25,4.529790260495055
UT,2018,4,130.1,7.25,4.439027357867782
UT,2019,1,131.2,7.25,4.883137149760918
UT,2019,2,135.2,7.25,4.722013901794755
UT,2019,3,132.8,7.25,4.43388387684886
UT,2019,4,134.1,7.25,4.0447856405315905
UT,2020,1,126.2,7.25,4.473001304334833
UT,2020,2,84.5,7.25,13.954844104315612
UT,2020,3,108.5,7.25,9.751198768007473
UT,2020,4,108.9,7.25,7.666113920144286
UT,2021,1,108.1,7.25,7.250131066026409
UT,2021,2,118.3,7.25,6.795485646410417
UT,2021,3,118.4,7.25,6.073259292299776
UT,2021,4,123.9,7.25,5.080234431999022
UT,2022,1,123.7,7.25,5.038362523726513
UT,2022,2,128.6,7.25,4.923445088212933
UT,2022,3,130.0,7.25,4.137039094133672
UT,2022,4,128.2,7.25,4.517166896217006
UT,2023,1,124.9,7.25,4.403559826309894
UT,2023,2,133.5,7.25,4.313668065243386
UT,2023,3,127.6,7.25,5.131619256246944
UT,2023,4,132.2,7.25,4.660929062274603
UT,2024,1,130.0,7.25,4.352130930732579
UT,2024,2,129.1,7.25,5.072675180715883
UT,2024,3,133.8,7.25,5.17503484050154
UT,2024,4,137.1,7.25,5.085000354713708
VA,2016,1,295.7,7.25,4.7204184953727415
VA,2016,2,298.3,7.25,5.364344833295347
VA,2016,3,309.9,7.25,5.417515785158593
VA,2016,4,297.7,7.25,4.78696070685931
VA,2017,1,303.5,7.25,4.185824795254055
VA,2017,2,304.7,7.25,4.340034668828304
VA,2017,3,302.8,7.25,4.811479628924966
VA,2017,4,296.4,7.25,4.215520846266968
VA,2018,1,307.9,7.25,3.9225905952681597
VA,2018,2,310.1,7.25,3.8709487885881675
VA,2018,3,308.0,7.25,4.174567272907999
VA,2018,4,301.7,7.25,3.9864013354170473
VA,2019,1,315.1,7.25,3.9507016352057245
VA,2019,2,313.5,7.25,3.612333941412227
VA,2019,3,323.2,7.25,3.6048538202434863
VA,2019,4,325.4,7.25,3.3456582096070826
VA,2020,1,307.9,9.5,4.4069939717974655
VA,2020,2,198.4,9.5,13.025685124193231
VA,2020,3,264.3,9.5,9.287528821204283
VA,2020,4,263.9,9.5,7.278776080533369
VA,2021,1,247.4,11.0,6.621874534401021
VA,2021,2,274.7,11.0,5.89289517114122
VA,2021,3,276.3,11.0,5.343500292057616
VA,2021,4,287.1,11.0,4.315122583039359
VA,2022,1,295.4,11.0,3.651270706737595
VA,2022,2,301.6,11.0,3.819689049473114
VA,2022,3,295.9,11.0,3.3686693276086923
VA,2022,4,301.6,11.0,4.178685081495103
VA,2023,1,297.4,12.0,3.4829960757671152
VA,2023,2,298.9,12.0,3.682729161718485
VA,2023,3,300.3,12.0,3.907367626420476
VA,2023,4,312.6,12.0,3.74470977284541
VA,2024,1,307.7,12.0,3.998389405399216
VA,2024,2,298.2,12.0,3.979910167969876
VA,2024,3,303.2,12.0,4.5837704541938065
VA,2024,4,309.9,12.0,3.8185873608826086
VT,2016,1,26.1,9.6,4.901617126425907
VT,2016,2,26.6,9.6,5.5202058114153
VT,2016,3,26.8,9.6,5.79105650373841
VT,2016,4,26.7,9.6,4.887427066482876
VT,2017,1,27.1,10.0,5.499534896698155
VT,2017,2,26.8,10.0,5.182689955021287
VT,2017,3,27.4,10.0,4.518824752948013
VT,2017,4,26.9,10.0,4.93272152025154
VT,2018,1,27.5,10.5,4.764261058588473
VT,2018,2,28.0,10.5,4.677566257145874
VT,2018,3,27.7,10.5,4.092558004799953
VT,2018,4,27.5,10.5,4.327492555440909
VT,2019,1,28.2,10.78,3.9709881542897962
VT,2019,2,28.4,10.78,3.499354358269578
VT,2019,3,28.4,10.78,4.224700248487818
VT,2019,4,28.5,10.78,4.412631002557886
VT,2020,1,26.0,11.75,4.4583327648090165
VT,2020,2,17.2,11.75,13.563417901346249
VT,2020,3,23.5,11.75,9.326191484513032
VT,2020,4,23.0,11.75,6.999682103096573
VT,2021,1,22.3,11.75,6.715893449390901
VT,2021,2,24.6,11.75,6.608957061008827
VT,2021,3,24.5,11.75,5.551885050689304
VT,2021,4,25.1,11.75,5.007627776680226
VT,2022,1,25.4,12.55,4.4412442306888735
VT,2022,2,26.6,12.55,4.277545545861515
VT,2022,3,26.6,12.55,4.449050546594782
VT,2022,4,26.4,12.55,4.124425090732996
VT,2023,1,26.6,13.18,4.280265896385578
VT,2023,2,26.6,13.18,3.9665087053539008
VT,2023,3,26.4,13.18,4.384306065675145
VT,2023,4,26.6,13.18,4.088720315338523
VT,2024,1,27.1,13.67,4.009240573610073
VT,2024,2,26.7,13.67,4.610011144224041
VT,2024,3,26.9,13.67,4.216891704923158
VT,2024,4,27.1,13.67,4.593571487476828
WA,2016,1,278.5,9.47,4.87896772714937
WA,2016,2,275.7,9.47,4.874731576419518
WA,2016,3,280.7,9.47,5.480164730485349
WA,2016,4,274.5,9.47,5.508256464667855
WA,2017,1,265.4,11.0,4.963737687332036
WA,2017,2,273.5,11.0,4.644425935936273
WA,2017,3,283.7,11.0,4.6160881018272315
WA,2017,4,277.4,11.0,4.7436359436757325
WA,2018,1,274.7,11.5,4.116866512636103
WA,2018,2,281.9,11.5,4.266583147713712
WA,2018,3,289.5,11.5,4.387631741828006
WA,2018,4,279.4,11.5,4.1454007038752305
WA,2019,1,287.0,12.0,4.2519469378729
WA,2019,2,292.0,12.0,4.195386280663419
WA,2019,3,300.5,12.0,3.0841027649935056
WA,2019,4,282.2,12.0,3.998435048752549
WA,2020,1,267.2,13.5,3.8988497479550497
WA,2020,2,177.9,13.5,12.74588258383634
WA,2020,3,237.1,13.5,9.24843323275077
WA,2020,4,231.2,13.5,7.407170016442165
WA,2021,1,224.8,13.69,6.453837898504969
WA,2021,2,248.9,13.69,6.480934817054158
WA,2021,3,250.6,13.69,5.878755930289869
WA,2021,4,255.4,13.69,4.889546788968492
WA,2022,1,260.1,14.49,4.587061811704695
WA,2022,2,268.3,14.49,4.117710700214844
WA,2022,3,265.9,14.49,3.9177025445637543
WA,2022,4,273.2,14.49,3.514482709324126
WA,2023,1,269.8,15.74,3.721253706454292
WA,2023,2,267.7,15.74,3.542098474298419
WA,2023,3,278.8,15.74,4.646355268142621
WA,2023,4,268.1,15.74,3.9423067091635757
WA,2024,1,259.6,16.28,4.032033894928622
WA,2024,2,276.5,16.28,4.460518065705417
WA,2024,3,280.1,16.28,4.508153186805013
WA,2024,4,275.5,16.28,4.903587765022501
WI,2016,1,185.5,7.25,5.2706530785283014
WI,2016,2,191.6,7.25,5.247005098913865
WI,2016,3,194.8,7.25,5.170435480819462
WI,2016,4,193.9,7.25,4.439986819214223
WI,2017,1,195.3,7.25,5.036253706026606
WI,2017,2,197.4,7.25,4.181955676198196
WI,2017,3,200.2,7.25,4.837922097504724
WI,2017,4,195.5,7.25,4.1302940063878175
WI,2018,1,199.3,7.25,4.234012307202468
WI,2018,2,208.9,7.25,4.101489035679228
WI,2018,3,202.3,7.25,4.14083158278502
WI,2018,4,200.2,7.25,4.104372570610705
WI,2019,1,206.1,7.25,4.627655969050915
WI,2019,2,212.0,7.25,3.829053066076728
WI,2019,3,204.3,7.25,4.1463559349957055
WI,2019,4,208.6,7.25,4.721572264096064
WI,2020,1,197.9,7.25,4.315517304957963
WI,2020,2,126.4,7.25,13.348165157449504
WI,2020,3,170.5,7.25,8.968566598550506
WI,2020,4,172.7,7.25,7.044012630502896
WI,2021,1,164.4,7.25,6.336445991046173
WI,2021,2,183.8,7.25,6.382910522134126
WI,2021,3,184.7,7.25,5.5333753357208115
WI,2021,4,192.3,7.25,3.9536463278536558
WI,2022,1,194.1,7.25,4.196744692399173
WI,2022,2,193.7,7.25,4.325155987920998
WI,2022,3,194.1,7.25,3.8825785384681692
WI,2022,4,201.3,7.25,3.906443062405525
WI,2023,1,194.5,7.25,3.489001862193938
WI,2023,2,208.5,7.25,3.3449144816416725
WI,2023,3,207.2,7.25,4.35171687424797
WI,2023,4,204.8,7.25,4.047868595255235
WI,2024,1,200.5,7.25,4.3339185627300205
WI,2024,2,203.1,7.25,4.861709217502835
WI,2024,3,201.3,7.25,4.878686399602097
WI,2024,4,208.8,7.25,4.339600397697355
WV,2016,1,55.5,8.75,6.120263218949936
WV,2016,2,55.2,8.75,6.309219438050632
WV,2016,3,54.4,8.75,6.748847722931595
WV,2016,4,55.1,8.75,6.3342333292146265
WV,2017,1,54.9,8.75,5.984622340083217
WV,2017,2,55.8,8.75,5.497823866830381
WV,2017,3,54.8,8.75,5.019636914056175
WV,2017,4,57.5,8.75,5.249435538682241
WV,2018,1,54.8,8.75,5.401842462806658
WV,2018,2,57.5,8.75,4.9690276763096115
WV,2018,3,56.9,8.75,5.125804444327275
WV,2018,4,57.9,8.75,5.088237099342597
WV,2019,1,58.4,8.75,5.197724739912543
WV,2019,2,59.0,8.75,4.7701807602079285
WV,2019,3,58.9,8.75,5.0157779360449855
WV,2019,4,57.3,8.75,4.99776372932579
WV,2020,1,55.9,8.75,4.838061811222112
WV,2020,2,35.6,8.75,14.788461248378848
WV,2020,3,49.8,8.75,10.135605094769689
WV,2020,4,48.0,8.75,8.07083642133842
WV,2021,1,45.8,8.75,7.7776458614319335
WV,2021,2,51.4,8.75,7.335146373834018
WV,2021,3,51.6,8.75,6.75112252462894
WV,2021,4,52.9,8.75,5.651318784015514
WV,2022,1,54.2,8.75,4.981450322062835
WV,2022,2,55.8,8.75,5.073632592016797
WV,2022,3,56.9,8.75,4.6220636722587685
WV,2022,4,56.1,8.75,5.097749446187923
WV,2023,1,57.1,8.75,4.855212537261629
WV,2023,2,56.4,8.75,4.802746477273205
WV,2023,3,56.9,8.75,5.026620281023288
WV,2023,4,56.3,8.75,4.5006268208056746
WV,2024,1,55.8,8.75,4.900564062132678
WV,2024,2,57.1,8.75,5.3930350047973015
WV,2024,3,57.2,8.75,5.613138452054186
WV,2024,4,56.7,8.75,5.156878992177179
WY,2016,1,25.6,7.25,4.686140062122768
WY,2016,2,25.5,7.25,4.815699376563617
WY,2016,3,25.5,7.25,4.570795610630009
WY,2016,4,25.7,7.25,4.48318251385806
WY,2017,1,26.4,7.25,4.781567199970572
WY,2017,2,25.9,7.25,3.70586001189934
WY,2017,3,26.1,7.25,3.546346847890859
WY,2017,4,26.1,7.25,3.3011260976520953
WY,2018,1,26.7,7.25,3.549771183569779
WY,2018,2,27.1,7.25,3.859528785465525
WY,2018,3,26.8,7.25,3.4879225698418446
WY,2018,4,26.6,7.25,3.37610964533074
WY,2019,1,27.5,7.25,2.8837096809185576
WY,2019,2,27.1,7.25,2.9215460113470493
WY,2019,3,27.0,7.25,2.578804769659364
WY,2019,4,27.4,7.25,3.3808757963144376
WY,2020,1,26.1,7.25,3.805196007383694
WY,2020,2,16.7,7.25,12.76337207769009
WY,2020,3,23.2,7.25,8.033466245796113
WY,2020,4,22.1,7.25,6.674108807602712
WY,2021,1,21.5,7.25,5.653525586510412
WY,2021,2,23.8,7.25,5.065164275292176
WY,2021,3,24.4,7.25,4.340180783134467
WY,2021,4,25.1,7.25,3.6004550688404238
WY,2022,1,25.5,7.25,3.3443756156633864
WY,2022,2,26.3,7.25,3.0810987960224367
WY,2022,3,26.4,7.25,2.705701534066667
WY,2022,4,25.6,7.25,3.5934969822736673
WY,2023,1,26.6,7.25,2.9843202836869214
WY,2023,2,26.4,7.25,2.815375902636779
WY,2023,3,26.7,7.25,3.562592768112804
WY,2023,4,26.5,7.25,2.8744802030380154
WY,2024,1,26.6,7.25,2.7408350044456204
WY,2024,2,26.4,7.25,3.911248293497596
WY,2024,3,27.2,7.25,4.296918414383076
WY,2024,4,26.8,7.25,3.4908732539225547
