state,year,quarter,min_wage,federal_min_wage,above_federal,premium_over_federal,ym
AK,2016,1,9.75,7.25,True,2.5,2016Q1
AK,2016,2,9.75,7.25,True,2.5,2016Q2
AK,2016,3,9.75,7.25,True,2.5,2016Q3
AK,2016,4,9.75,7.25,True,2.5,2016Q4
AK,2017,1,9.8,7.25,True,2.5500000000000007,2017Q1
AK,2017,2,9.8,7.25,True,2.5500000000000007,2017Q2
AK,2017,3,9.8,7.25,True,2.5500000000000007,2017Q3
AK,2017,4,9.8,7.25,True,2.5500000000000007,2017Q4
AK,2018,1,9.84,7.25,True,2.59,2018Q1
AK,2018,2,9.84,7.25,True,2.59,2018Q2
AK,2018,3,9.84,7.25,True,2.59,2018Q3
AK,2018,4,9.84,7.25,True,2.59,2018Q4
AK,2019,1,9.89,7.25,True,2.6400000000000006,2019Q1
AK,2019,2,9.89,7.25,True,2.6400000000000006,2019Q2
AK,2019,3,9.89,7.25,True,2.6400000000000006,2019Q3
AK,2019,4,9.89,7.25,True,2.6400000000000006,2019Q4
AK,2020,1,10.19,7.25,True,2.9399999999999995,2020Q1
AK,2020,2,10.19,7.25,True,2.9399999999999995,2020Q2
AK,2020,3,10.19,7.25,True,2.9399999999999995,2020Q3
AK,2020,4,10.19,7.25,True,2.9399999999999995,2020Q4
AK,2021,1,10.34,7.25,True,3.09,2021Q1
AK,2021,2,10.34,7.25,True,3.09,2021Q2
AK,2021,3,10.34,7.25,True,3.09,2021Q3
AK,2021,4,10.34,7.25,True,3.09,2021Q4
AK,2022,1,10.34,7.25,True,3.09,2022Q1
AK,2022,2,10.34,7.25,True,3.09,2022Q2
AK,2022,3,10.34,7.25,True,3.09,2022Q3
AK,2022,4,10.34,7.25,True,3.09,2022Q4
AK,2023,1,10.85,7.25,True,3.5999999999999996,2023Q1
AK,2023,2,10.85,7.25,True,3.5999999999999996,2023Q2
AK,2023,3,10.85,7.25,True,3.5999999999999996,2023Q3
AK,2023,4,10.85,7.25,True,3.5999999999999996,2023Q4
AK,2024,1,11.73,7.25,True,4.48,2024Q1
AK,2024,2,11.73,7.25,True,4.48,2024Q2
AK,2024,3,11.73,7.25,True,4.48,2024Q3
AK,2024,4,11.73,7.25,True,4.48,2024Q4
AZ,2016,1,8.05,7.25,True,0.8000000000000007,2016Q1
AZ,2016,2,8.05,7.25,True,0.8000000000000007,2016Q2
AZ,2016,3,8.05,7.25,True,0.8000000000000007,2016Q3
AZ,2016,4,8.05,7.25,True,0.8000000000000007,2016Q4
AZ,2017,1,10.0,7.25,True,2.75,2017Q1
AZ,2017,2,10.0,7.25,True,2.75,2017Q2
AZ,2017,3,10.0,7.25,True,2.75,2017Q3
AZ,2017,4,10.0,7.25,True,2.75,2017Q4
AZ,2018,1,10.5,7.25,True,3.25,2018Q1
AZ,2018,2,10.5,7.25,True,3.25,2018Q2
AZ,2018,3,10.5,7.25,True,3.25,2018Q3
AZ,2018,4,10.5,7.25,True,3.25,2018Q4
AZ,2019,1,11.0,7.25,True,3.75,2019Q1
AZ,2019,2,11.0,7.25,True,3.75,2019Q2
AZ,2019,3,11.0,7.25,True,3.75,2019Q3
AZ,2019,4,11.0,7.25,True,3.75,2019Q4
AZ,2020,1,12.0,7.25,True,4.75,2020Q1
AZ,2020,2,12.0,7.25,True,4.75,2020Q2
AZ,2020,3,12.0,7.25,True,4.75,2020Q3
AZ,2020,4,12.0,7.25,True,4.75,2020Q4
AZ,2021,1,12.15,7.25,True,4.9,2021Q1
AZ,2021,2,12.15,7.25,True,4.9,2021Q2
AZ,2021,3,12.15,7.25,True,4.9,2021Q3
AZ,2021,4,12.15,7.25,True,4.9,2021Q4
AZ,2022,1,12.8,7.25,True,5.550000000000001,2022Q1
AZ,2022,2,12.8,7.25,True,5.550000000000001,2022Q2
AZ,2022,3,12.8,7.25,True,5.550000000000001,2022Q3
AZ,2022,4,12.8,7.25,True,5.550000000000001,2022Q4
AZ,2023,1,13.85,7.25,True,6.6,2023Q1
AZ,2023,2,13.85,7.25,True,6.6,2023Q2
AZ,2023,3,13.85,7.25,True,6.6,2023Q3
AZ,2023,4,13.85,7.25,True,6.6,2023Q4
AZ,2024,1,14.35,7.25,True,7.1,2024Q1
AZ,2024,2,14.35,7.25,True,7.1,2024Q2
AZ,2024,3,14.35,7.25,True,7.1,2024Q3
AZ,2024,4,14.35,7.25,True,7.1,2024Q4
AR,2016,1,8.0,7.25,True,0.75,2016Q1
AR,2016,2,8.0,7.25,True,0.75,2016Q2
AR,2016,3,8.0,7.25,True,0.75,2016Q3
AR,2016,4,8.0,7.25,True,0.75,2016Q4
AR,2017,1,8.5,7.25,True,1.25,2017Q1
AR,2017,2,8.5,7.25,True,1.25,2017Q2
AR,2017,3,8.5,7.25,True,1.25,2017Q3
AR,2017,4,8.5,7.25,True,1.25,2017Q4
AR,2018,1,8.5,7.25,True,1.25,2018Q1
AR,2018,2,8.5,7.25,True,1.25,2018Q2
AR,2018,3,8.5,7.25,True,1.25,2018Q3
AR,2018,4,8.5,7.25,True,1.25,2018Q4
AR,2019,1,9.25,7.25,True,2.0,2019Q1
AR,2019,2,9.25,7.25,True,2.0,2019Q2
AR,2019,3,9.25,7.25,True,2.0,2019Q3
AR,2019,4,9.25,7.25,True,2.0,2019Q4
AR,2020,1,10.0,7.25,True,2.75,2020Q1
AR,2020,2,10.0,7.25,True,2.75,2020Q2
AR,2020,3,10.0,7.25,True,2.75,2020Q3
AR,2020,4,10.0,7.25,True,2.75,2020Q4
AR,2021,1,11.0,7.25,True,3.75,2021Q1
AR,2021,2,11.0,7.25,True,3.75,2021Q2
AR,2021,3,11.0,7.25,True,3.75,2021Q3
AR,2021,4,11.0,7.25,True,3.75,2021Q4
AR,2022,1,11.0,7.25,True,3.75,2022Q1
AR,2022,2,11.0,7.25,True,3.75,2022Q2
AR,2022,3,11.0,7.25,True,3.75,2022Q3
AR,2022,4,11.0,7.25,True,3.75,2022Q4
AR,2023,1,11.0,7.25,True,3.75,2023Q1
AR,2023,2,11.0,7.25,True,3.75,2023Q2
AR,2023,3,11.0,7.25,True,3.75,2023Q3
AR,2023,4,11.0,7.25,True,3.75,2023Q4
AR,2024,1,11.0,7.25,True,3.75,2024Q1
AR,2024,2,11.0,7.25,True,3.75,2024Q2
AR,2024,3,11.0,7.25,True,3.75,2024Q3
AR,2024,4,11.0,7.25,True,3.75,2024Q4
CA,2016,1,10.0,7.25,True,2.75,2016Q1
CA,2016,2,10.0,7.25,True,2.75,2016Q2
CA,2016,3,10.0,7.25,True,2.75,2016Q3
CA,2016,4,10.0,7.25,True,2.75,2016Q4
CA,2017,1,10.5,7.25,True,3.25,2017Q1
CA,2017,2,10.5,7.25,True,3.25,2017Q2
CA,2017,3,10.5,7.25,True,3.25,2017Q3
CA,2017,4,10.5,7.25,True,3.25,2017Q4
CA,2018,1,11.0,7.25,True,3.75,2018Q1
CA,2018,2,11.0,7.25,True,3.75,2018Q2
CA,2018,3,11.0,7.25,True,3.75,2018Q3
CA,2018,4,11.0,7.25,True,3.75,2018Q4
CA,2019,1,12.0,7.25,True,4.75,2019Q1
CA,2019,2,12.0,7.25,True,4.75,2019Q2
CA,2019,3,12.0,7.25,True,4.75,2019Q3
CA,2019,4,12.0,7.25,True,4.75,2019Q4
CA,2020,1,13.0,7.25,True,5.75,2020Q1
CA,2020,2,13.0,7.25,True,5.75,2020Q2
CA,2020,3,13.0,7.25,True,5.75,2020Q3
CA,2020,4,13.0,7.25,True,5.75,2020Q4
CA,2021,1,14.0,7.25,True,6.75,2021Q1
CA,2021,2,14.0,7.25,True,6.75,2021Q2
CA,2021,3,14.0,7.25,True,6.75,2021Q3
CA,2021,4,14.0,7.25,True,6.75,2021Q4
CA,2022,1,15.0,7.25,True,7.75,2022Q1
CA,2022,2,15.0,7.25,True,7.75,2022Q2
CA,2022,3,15.0,7.25,True,7.75,2022Q3
CA,2022,4,15.0,7.25,True,7.75,2022Q4
CA,2023,1,15.5,7.25,True,8.25,2023Q1
CA,2023,2,15.5,7.25,True,8.25,2023Q2
CA,2023,3,15.5,7.25,True,8.25,2023Q3
CA,2023,4,15.5,7.25,True,8.25,2023Q4
CA,2024,1,16.0,7.25,True,8.75,2024Q1
CA,2024,2,16.0,7.25,True,8.75,2024Q2
CA,2024,3,16.0,7.25,True,8.75,2024Q3
CA,2024,4,16.0,7.25,True,8.75,2024Q4
CO,2016,1,8.31,7.25,True,1.0600000000000005,2016Q1
CO,2016,2,8.31,7.25,True,1.0600000000000005,2016Q2
CO,2016,3,8.31,7.25,True,1.0600000000000005,2016Q3
CO,2016,4,8.31,7.25,True,1.0600000000000005,2016Q4
CO,2017,1,9.3,7.25,True,2.0500000000000007,2017Q1
CO,2017,2,9.3,7.25,True,2.0500000000000007,2017Q2
CO,2017,3,9.3,7.25,True,2.0500000000000007,2017Q3
CO,2017,4,9.3,7.25,True,2.0500000000000007,2017Q4
CO,2018,1,10.2,7.25,True,2.9499999999999993,2018Q1
CO,2018,2,10.2,7.25,True,2.9499999999999993,2018Q2
CO,2018,3,10.2,7.25,True,2.9499999999999993,2018Q3
CO,2018,4,10.2,7.25,True,2.9499999999999993,2018Q4
CO,2019,1,11.1,7.25,True,3.8499999999999996,2019Q1
CO,2019,2,11.1,7.25,True,3.8499999999999996,2019Q2
CO,2019,3,11.1,7.25,True,3.8499999999999996,2019Q3
CO,2019,4,11.1,7.25,True,3.8499999999999996,2019Q4
CO,2020,1,12.0,7.25,True,4.75,2020Q1
CO,2020,2,12.0,7.25,True,4.75,2020Q2
CO,2020,3,12.0,7.25,True,4.75,2020Q3
CO,2020,4,12.0,7.25,True,4.75,2020Q4
CO,2021,1,12.32,7.25,True,5.07,2021Q1
CO,2021,2,12.32,7.25,True,5.07,2021Q2
CO,2021,3,12.32,7.25,True,5.07,2021Q3
CO,2021,4,12.32,7.25,True,5.07,2021Q4
CO,2022,1,12.56,7.25,True,5.3100000000000005,2022Q1
CO,2022,2,12.56,7.25,True,5.3100000000000005,2022Q2
CO,2022,3,12.56,7.25,True,5.3100000000000005,2022Q3
CO,2022,4,12.56,7.25,True,5.3100000000000005,2022Q4
CO,2023,1,13.65,7.25,True,6.4,2023Q1
CO,2023,2,13.65,7.25,True,6.4,2023Q2
CO,2023,3,13.65,7.25,True,6.4,2023Q3
CO,2023,4,13.65,7.25,True,6.4,2023Q4
CO,2024,1,14.42,7.25,True,7.17,2024Q1
CO,2024,2,14.42,7.25,True,7.17,2024Q2
CO,2024,3,14.42,7.25,True,7.17,2024Q3
CO,2024,4,14.42,7.25,True,7.17,2024Q4
CT,2016,1,9.6,7.25,True,2.3499999999999996,2016Q1
CT,2016,2,9.6,7.25,True,2.3499999999999996,2016Q2
CT,2016,3,9.6,7.25,True,2.3499999999999996,2016Q3
CT,2016,4,9.6,7.25,True,2.3499999999999996,2016Q4
CT,2017,1,10.1,7.25,True,2.8499999999999996,2017Q1
CT,2017,2,10.1,7.25,True,2.8499999999999996,2017Q2
CT,2017,3,10.1,7.25,True,2.8499999999999996,2017Q3
CT,2017,4,10.1,7.25,True,2.8499999999999996,2017Q4
CT,2018,1,10.1,7.25,True,2.8499999999999996,2018Q1
CT,2018,2,10.1,7.25,True,2.8499999999999996,2018Q2
CT,2018,3,10.1,7.25,True,2.8499999999999996,2018Q3
CT,2018,4,10.1,7.25,True,2.8499999999999996,2018Q4
CT,2019,1,10.1,7.25,True,2.8499999999999996,2019Q1
CT,2019,2,10.1,7.25,True,2.8499999999999996,2019Q2
CT,2019,3,10.1,7.25,True,2.8499999999999996,2019Q3
CT,2019,4,10.1,7.25,True,2.8499999999999996,2019Q4
CT,2020,1,12.0,7.25,True,4.75,2020Q1
CT,2020,2,12.0,7.25,True,4.75,2020Q2
CT,2020,3,12.0,7.25,True,4.75,2020Q3
CT,2020,4,12.0,7.25,True,4.75,2020Q4
CT,2021,1,13.0,7.25,True,5.75,2021Q1
CT,2021,2,13.0,7.25,True,5.75,2021Q2
CT,2021,3,13.0,7.25,True,5.75,2021Q3
CT,2021,4,13.0,7.25,True,5.75,2021Q4
CT,2022,1,14.0,7.25,True,6.75,2022Q1
CT,2022,2,14.0,7.25,True,6.75,2022Q2
CT,2022,3,14.0,7.25,True,6.75,2022Q3
CT,2022,4,14.0,7.25,True,6.75,2022Q4
CT,2023,1,15.0,7.25,True,7.75,2023Q1
CT,2023,2,15.0,7.25,True,7.75,2023Q2
CT,2023,3,15.0,7.25,True,7.75,2023Q3
CT,2023,4,15.0,7.25,True,7.75,2023Q4
CT,2024,1,15.69,7.25,True,8.44,2024Q1
CT,2024,2,15.69,7.25,True,8.44,2024Q2
CT,2024,3,15.69,7.25,True,8.44,2024Q3
CT,2024,4,15.69,7.25,True,8.44,2024Q4
DC,2016,1,11.5,7.25,True,4.25,2016Q1
DC,2016,2,11.5,7.25,True,4.25,2016Q2
DC,2016,3,11.5,7.25,True,4.25,2016Q3
DC,2016,4,11.5,7.25,True,4.25,2016Q4
DC,2017,1,12.5,7.25,True,5.25,2017Q1
DC,2017,2,12.5,7.25,True,5.25,2017Q2
DC,2017,3,12.5,7.25,True,5.25,2017Q3
DC,2017,4,12.5,7.25,True,5.25,2017Q4
DC,2018,1,13.25,7.25,True,6.0,2018Q1
DC,2018,2,13.25,7.25,True,6.0,2018Q2
DC,2018,3,13.25,7.25,True,6.0,2018Q3
DC,2018,4,13.25,7.25,True,6.0,2018Q4
DC,2019,1,14.0,7.25,True,6.75,2019Q1
DC,2019,2,14.0,7.25,True,6.75,2019Q2
DC,2019,3,14.0,7.25,True,6.75,2019Q3
DC,2019,4,14.0,7.25,True,6.75,2019Q4
DC,2020,1,15.0,7.25,True,7.75,2020Q1
DC,2020,2,15.0,7.25,True,7.75,2020Q2
DC,2020,3,15.0,7.25,True,7.75,2020Q3
DC,2020,4,15.0,7.25,True,7.75,2020Q4
DC,2021,1,15.2,7.25,True,7.949999999999999,2021Q1
DC,2021,2,15.2,7.25,True,7.949999999999999,2021Q2
DC,2021,3,15.2,7.25,True,7.949999999999999,2021Q3
DC,2021,4,15.2,7.25,True,7.949999999999999,2021Q4
DC,2022,1,15.2,7.25,True,7.949999999999999,2022Q1
DC,2022,2,15.2,7.25,True,7.949999999999999,2022Q2
DC,2022,3,15.2,7.25,True,7.949999999999999,2022Q3
DC,2022,4,15.2,7.25,True,7.949999999999999,2022Q4
DC,2023,1,16.1,7.25,True,8.850000000000001,2023Q1
DC,2023,2,16.1,7.25,True,8.850000000000001,2023Q2
DC,2023,3,16.1,7.25,True,8.850000000000001,2023Q3
DC,2023,4,16.1,7.25,True,8.850000000000001,2023Q4
DC,2024,1,17.0,7.25,True,9.75,2024Q1
DC,2024,2,17.0,7.25,True,9.75,2024Q2
DC,2024,3,17.0,7.25,True,9.75,2024Q3
DC,2024,4,17.0,7.25,True,9.75,2024Q4
DE,2016,1,8.25,7.25,True,1.0,2016Q1
DE,2016,2,8.25,7.25,True,1.0,2016Q2
DE,2016,3,8.25,7.25,True,1.0,2016Q3
DE,2016,4,8.25,7.25,True,1.0,2016Q4
DE,2017,1,8.25,7.25,True,1.0,2017Q1
DE,2017,2,8.25,7.25,True,1.0,2017Q2
DE,2017,3,8.25,7.25,True,1.0,2017Q3
DE,2017,4,8.25,7.25,True,1.0,2017Q4
DE,2018,1,8.25,7.25,True,1.0,2018Q1
DE,2018,2,8.25,7.25,True,1.0,2018Q2
DE,2018,3,8.25,7.25,True,1.0,2018Q3
DE,2018,4,8.25,7.25,True,1.0,2018Q4
DE,2019,1,8.75,7.25,True,1.5,2019Q1
DE,2019,2,8.75,7.25,True,1.5,2019Q2
DE,2019,3,8.75,7.25,True,1.5,2019Q3
DE,2019,4,8.75,7.25,True,1.5,2019Q4
DE,2020,1,9.25,7.25,True,2.0,2020Q1
DE,2020,2,9.25,7.25,True,2.0,2020Q2
DE,2020,3,9.25,7.25,True,2.0,2020Q3
DE,2020,4,9.25,7.25,True,2.0,2020Q4
DE,2021,1,10.25,7.25,True,3.0,2021Q1
DE,2021,2,10.25,7.25,True,3.0,2021Q2
DE,2021,3,10.25,7.25,True,3.0,2021Q3
DE,2021,4,10.25,7.25,True,3.0,2021Q4
DE,2022,1,11.75,7.25,True,4.5,2022Q1
DE,2022,2,11.75,7.25,True,4.5,2022Q2
DE,2022,3,11.75,7.25,True,4.5,2022Q3
DE,2022,4,11.75,7.25,True,4.5,2022Q4
DE,2023,1,13.25,7.25,True,6.0,2023Q1
DE,2023,2,13.25,7.25,True,6.0,2023Q2
DE,2023,3,13.25,7.25,True,6.0,2023Q3
DE,2023,4,13.25,7.25,True,6.0,2023Q4
DE,2024,1,14.75,7.25,True,7.5,2024Q1
DE,2024,2,14.75,7.25,True,7.5,2024Q2
DE,2024,3,14.75,7.25,True,7.5,2024Q3
DE,2024,4,14.75,7.25,True,7.5,2024Q4
FL,2016,1,8.05,7.25,True,0.8000000000000007,2016Q1
FL,2016,2,8.05,7.25,True,0.8000000000000007,2016Q2
FL,2016,3,8.05,7.25,True,0.8000000000000007,2016Q3
FL,2016,4,8.05,7.25,True,0.8000000000000007,2016Q4
FL,2017,1,8.1,7.25,True,0.8499999999999996,2017Q1
FL,2017,2,8.1,7.25,True,0.8499999999999996,2017Q2
FL,2017,3,8.1,7.25,True,0.8499999999999996,2017Q3
FL,2017,4,8.1,7.25,True,0.8499999999999996,2017Q4
FL,2018,1,8.25,7.25,True,1.0,2018Q1
FL,2018,2,8.25,7.25,True,1.0,2018Q2
FL,2018,3,8.25,7.25,True,1.0,2018Q3
FL,2018,4,8.25,7.25,True,1.0,2018Q4
FL,2019,1,8.46,7.25,True,1.2100000000000009,2019Q1
FL,2019,2,8.46,7.25,True,1.2100000000000009,2019Q2
FL,2019,3,8.46,7.25,True,1.2100000000000009,2019Q3
FL,2019,4,8.46,7.25,True,1.2100000000000009,2019Q4
FL,2020,1,8.56,7.25,True,1.3100000000000005,2020Q1
FL,2020,2,8.56,7.25,True,1.3100000000000005,2020Q2
FL,2020,3,8.56,7.25,True,1.3100000000000005,2020Q3
FL,2020,4,8.56,7.25,True,1.3100000000000005,2020Q4
FL,2021,1,10.0,7.25,True,2.75,2021Q1
FL,2021,2,10.0,7.25,True,2.75,2021Q2
FL,2021,3,10.0,7.25,True,2.75,2021Q3
FL,2021,4,10.0,7.25,True,2.75,2021Q4
FL,2022,1,10.0,7.25,True,2.75,2022Q1
FL,2022,2,10.0,7.25,True,2.75,2022Q2
FL,2022,3,10.0,7.25,True,2.75,2022Q3
FL,2022,4,10.0,7.25,True,2.75,2022Q4
FL,2023,1,12.0,7.25,True,4.75,2023Q1
FL,2023,2,12.0,7.25,True,4.75,2023Q2
FL,2023,3,12.0,7.25,True,4.75,2023Q3
FL,2023,4,12.0,7.25,True,4.75,2023Q4
FL,2024,1,13.0,7.25,True,5.75,2024Q1
FL,2024,2,13.0,7.25,True,5.75,2024Q2
FL,2024,3,13.0,7.25,True,5.75,2024Q3
FL,2024,4,13.0,7.25,True,5.75,2024Q4
HI,2016,1,8.5,7.25,True,1.25,2016Q1
HI,2016,2,8.5,7.25,True,1.25,2016Q2
HI,2016,3,8.5,7.25,True,1.25,2016Q3
HI,2016,4,8.5,7.25,True,1.25,2016Q4
HI,2017,1,9.25,7.25,True,2.0,2017Q1
HI,2017,2,9.25,7.25,True,2.0,2017Q2
HI,2017,3,9.25,7.25,True,2.0,2017Q3
HI,2017,4,9.25,7.25,True,2.0,2017Q4
HI,2018,1,10.1,7.25,True,2.8499999999999996,2018Q1
HI,2018,2,10.1,7.25,True,2.8499999999999996,2018Q2
HI,2018,3,10.1,7.25,True,2.8499999999999996,2018Q3
HI,2018,4,10.1,7.25,True,2.8499999999999996,2018Q4
HI,2019,1,10.1,7.25,True,2.8499999999999996,2019Q1
HI,2019,2,10.1,7.25,True,2.8499999999999996,2019Q2
HI,2019,3,10.1,7.25,True,2.8499999999999996,2019Q3
HI,2019,4,10.1,7.25,True,2.8499999999999996,2019Q4
HI,2020,1,10.1,7.25,True,2.8499999999999996,2020Q1
HI,2020,2,10.1,7.25,True,2.8499999999999996,2020Q2
HI,2020,3,10.1,7.25,True,2.8499999999999996,2020Q3
HI,2020,4,10.1,7.25,True,2.8499999999999996,2020Q4
HI,2021,1,10.1,7.25,True,2.8499999999999996,2021Q1
HI,2021,2,10.1,7.25,True,2.8499999999999996,2021Q2
HI,2021,3,10.1,7.25,True,2.8499999999999996,2021Q3
HI,2021,4,10.1,7.25,True,2.8499999999999996,2021Q4
HI,2022,1,12.0,7.25,True,4.75,2022Q1
HI,2022,2,12.0,7.25,True,4.75,2022Q2
HI,2022,3,12.0,7.25,True,4.75,2022Q3
HI,2022,4,12.0,7.25,True,4.75,2022Q4
HI,2023,1,14.0,7.25,True,6.75,2023Q1
HI,2023,2,14.0,7.25,True,6.75,2023Q2
HI,2023,3,14.0,7.25,True,6.75,2023Q3
HI,2023,4,14.0,7.25,True,6.75,2023Q4
HI,2024,1,16.0,7.25,True,8.75,2024Q1
HI,2024,2,16.0,7.25,True,8.75,2024Q2
HI,2024,3,16.0,7.25,True,8.75,2024Q3
HI,2024,4,16.0,7.25,True,8.75,2024Q4
IL,2016,1,8.25,7.25,True,1.0,2016Q1
IL,2016,2,8.25,7.25,True,1.0,2016Q2
IL,2016,3,8.25,7.25,True,1.0,2016Q3
IL,2016,4,8.25,7.25,True,1.0,2016Q4
IL,2017,1,8.25,7.25,True,1.0,2017Q1
IL,2017,2,8.25,7.25,True,1.0,2017Q2
IL,2017,3,8.25,7.25,True,1.0,2017Q3
IL,2017,4,8.25,7.25,True,1.0,2017Q4
IL,2018,1,8.25,7.25,True,1.0,2018Q1
IL,2018,2,8.25,7.25,True,1.0,2018Q2
IL,2018,3,8.25,7.25,True,1.0,2018Q3
IL,2018,4,8.25,7.25,True,1.0,2018Q4
IL,2019,1,8.25,7.25,True,1.0,2019Q1
IL,2019,2,8.25,7.25,True,1.0,2019Q2
IL,2019,3,8.25,7.25,True,1.0,2019Q3
IL,2019,4,8.25,7.25,True,1.0,2019Q4
IL,2020,1,9.25,7.25,True,2.0,2020Q1
IL,2020,2,9.25,7.25,True,2.0,2020Q2
IL,2020,3,9.25,7.25,True,2.0,2020Q3
IL,2020,4,9.25,7.25,True,2.0,2020Q4
IL,2021,1,11.0,7.25,True,3.75,2021Q1
IL,2021,2,11.0,7.25,True,3.75,2021Q2
IL,2021,3,11.0,7.25,True,3.75,2021Q3
IL,2021,4,11.0,7.25,True,3.75,2021Q4
IL,2022,1,12.0,7.25,True,4.75,2022Q1
IL,2022,2,12.0,7.25,True,4.75,2022Q2
IL,2022,3,12.0,7.25,True,4.75,2022Q3
IL,2022,4,12.0,7.25,True,4.75,2022Q4
IL,2023,1,13.0,7.25,True,5.75,2023Q1
IL,2023,2,13.0,7.25,True,5.75,2023Q2
IL,2023,3,13.0,7.25,True,5.75,2023Q3
IL,2023,4,13.0,7.25,True,5.75,2023Q4
IL,2024,1,14.0,7.25,True,6.75,2024Q1
IL,2024,2,14.0,7.25,True,6.75,2024Q2
IL,2024,3,14.0,7.25,True,6.75,2024Q3
IL,2024,4,14.0,7.25,True,6.75,2024Q4
MA,2016,1,10.0,7.25,True,2.75,2016Q1
MA,2016,2,10.0,7.25,True,2.75,2016Q2
MA,2016,3,10.0,7.25,True,2.75,2016Q3
MA,2016,4,10.0,7.25,True,2.75,2016Q4
MA,2017,1,11.0,7.25,True,3.75,2017Q1
MA,2017,2,11.0,7.25,True,3.75,2017Q2
MA,2017,3,11.0,7.25,True,3.75,2017Q3
MA,2017,4,11.0,7.25,True,3.75,2017Q4
MA,2018,1,11.0,7.25,True,3.75,2018Q1
MA,2018,2,11.0,7.25,True,3.75,2018Q2
MA,2018,3,11.0,7.25,True,3.75,2018Q3
MA,2018,4,11.0,7.25,True,3.75,2018Q4
MA,2019,1,12.0,7.25,True,4.75,2019Q1
MA,2019,2,12.0,7.25,True,4.75,2019Q2
MA,2019,3,12.0,7.25,True,4.75,2019Q3
MA,2019,4,12.0,7.25,True,4.75,2019Q4
MA,2020,1,13.5,7.25,True,6.25,2020Q1
MA,2020,2,13.5,7.25,True,6.25,2020Q2
MA,2020,3,13.5,7.25,True,6.25,2020Q3
MA,2020,4,13.5,7.25,True,6.25,2020Q4
MA,2021,1,14.25,7.25,True,7.0,2021Q1
MA,2021,2,14.25,7.25,True,7.0,2021Q2
MA,2021,3,14.25,7.25,True,7.0,2021Q3
MA,2021,4,14.25,7.25,True,7.0,2021Q4
MA,2022,1,15.0,7.25,True,7.75,2022Q1
MA,2022,2,15.0,7.25,True,7.75,2022Q2
MA,2022,3,15.0,7.25,True,7.75,2022Q3
MA,2022,4,15.0,7.25,True,7.75,2022Q4
MA,2023,1,15.0,7.25,True,7.75,2023Q1
MA,2023,2,15.0,7.25,True,7.75,2023Q2
MA,2023,3,15.0,7.25,True,7.75,2023Q3
MA,2023,4,15.0,7.25,True,7.75,2023Q4
MA,2024,1,15.0,7.25,True,7.75,2024Q1
MA,2024,2,15.0,7.25,True,7.75,2024Q2
MA,2024,3,15.0,7.25,True,7.75,2024Q3
MA,2024,4,15.0,7.25,True,7.75,2024Q4
MD,2016,1,8.75,7.25,True,1.5,2016Q1
MD,2016,2,8.75,7.25,True,1.5,2016Q2
MD,2016,3,8.75,7.25,True,1.5,2016Q3
MD,2016,4,8.75,7.25,True,1.5,2016Q4
MD,2017,1,9.25,7.25,True,2.0,2017Q1
MD,2017,2,9.25,7.25,True,2.0,2017Q2
MD,2017,3,9.25,7.25,True,2.0,2017Q3
MD,2017,4,9.25,7.25,True,2.0,2017Q4
MD,2018,1,10.1,7.25,True,2.8499999999999996,2018Q1
MD,2018,2,10.1,7.25,True,2.8499999999999996,2018Q2
MD,2018,3,10.1,7.25,True,2.8499999999999996,2018Q3
MD,2018,4,10.1,7.25,True,2.8499999999999996,2018Q4
MD,2019,1,10.1,7.25,True,2.8499999999999996,2019Q1
MD,2019,2,10.1,7.25,True,2.8499999999999996,2019Q2
MD,2019,3,10.1,7.25,True,2.8499999999999996,2019Q3
MD,2019,4,10.1,7.25,True,2.8499999999999996,2019Q4
MD,2020,1,11.0,7.25,True,3.75,2020Q1
MD,2020,2,11.0,7.25,True,3.75,2020Q2
MD,2020,3,11.0,7.25,True,3.75,2020Q3
MD,2020,4,11.0,7.25,True,3.75,2020Q4
MD,2021,1,11.75,7.25,True,4.5,2021Q1
MD,2021,2,11.75,7.25,True,4.5,2021Q2
MD,2021,3,11.75,7.25,True,4.5,2021Q3
MD,2021,4,11.75,7.25,True,4.5,2021Q4
MD,2022,1,12.5,7.25,True,5.25,2022Q1
MD,2022,2,12.5,7.25,True,5.25,2022Q2
MD,2022,3,12.5,7.25,True,5.25,2022Q3
MD,2022,4,12.5,7.25,True,5.25,2022Q4
MD,2023,1,13.25,7.25,True,6.0,2023Q1
MD,2023,2,13.25,7.25,True,6.0,2023Q2
MD,2023,3,13.25,7.25,True,6.0,2023Q3
MD,2023,4,13.25,7.25,True,6.0,2023Q4
MD,2024,1,15.0,7.25,True,7.75,2024Q1
MD,2024,2,15.0,7.25,True,7.75,2024Q2
MD,2024,3,15.0,7.25,True,7.75,2024Q3
MD,2024,4,15.0,7.25,True,7.75,2024Q4
ME,2016,1,7.5,7.25,True,0.25,2016Q1
ME,2016,2,7.5,7.25,True,0.25,2016Q2
ME,2016,3,7.5,7.25,True,0.25,2016Q3
ME,2016,4,7.5,7.25,True,0.25,2016Q4
ME,2017,1,9.0,7.25,True,1.75,2017Q1
ME,2017,2,9.0,7.25,True,1.75,2017Q2
ME,2017,3,9.0,7.25,True,1.75,2017Q3
ME,2017,4,9.0,7.25,True,1.75,2017Q4
ME,2018,1,10.0,7.25,True,2.75,2018Q1
ME,2018,2,10.0,7.25,True,2.75,2018Q2
ME,2018,3,10.0,7.25,True,2.75,2018Q3
ME,2018,4,10.0,7.25,True,2.75,2018Q4
ME,2019,1,11.0,7.25,True,3.75,2019Q1
ME,2019,2,11.0,7.25,True,3.75,2019Q2
ME,2019,3,11.0,7.25,True,3.75,2019Q3
ME,2019,4,11.0,7.25,True,3.75,2019Q4
ME,2020,1,12.0,7.25,True,4.75,2020Q1
ME,2020,2,12.0,7.25,True,4.75,2020Q2
ME,2020,3,12.0,7.25,True,4.75,2020Q3
ME,2020,4,12.0,7.25,True,4.75,2020Q4
ME,2021,1,12.15,7.25,True,4.9,2021Q1
ME,2021,2,12.15,7.25,True,4.9,2021Q2
ME,2021,3,12.15,7.25,True,4.9,2021Q3
ME,2021,4,12.15,7.25,True,4.9,2021Q4
ME,2022,1,12.75,7.25,True,5.5,2022Q1
ME,2022,2,12.75,7.25,True,5.5,2022Q2
ME,2022,3,12.75,7.25,True,5.5,2022Q3
ME,2022,4,12.75,7.25,True,5.5,2022Q4
ME,2023,1,13.8,7.25,True,6.550000000000001,2023Q1
ME,2023,2,13.8,7.25,True,6.550000000000001,2023Q2
ME,2023,3,13.8,7.25,True,6.550000000000001,2023Q3
ME,2023,4,13.8,7.25,True,6.550000000000001,2023Q4
ME,2024,1,14.15,7.25,True,6.9,2024Q1
ME,2024,2,14.15,7.25,True,6.9,2024Q2
ME,2024,3,14.15,7.25,True,6.9,2024Q3
ME,2024,4,14.15,7.25,True,6.9,2024Q4
MI,2016,1,8.5,7.25,True,1.25,2016Q1
MI,2016,2,8.5,7.25,True,1.25,2016Q2
MI,2016,3,8.5,7.25,True,1.25,2016Q3
MI,2016,4,8.5,7.25,True,1.25,2016Q4
MI,2017,1,8.9,7.25,True,1.6500000000000004,2017Q1
MI,2017,2,8.9,7.25,True,1.6500000000000004,2017Q2
MI,2017,3,8.9,7.25,True,1.6500000000000004,2017Q3
MI,2017,4,8.9,7.25,True,1.6500000000000004,2017Q4
MI,2018,1,9.25,7.25,True,2.0,2018Q1
MI,2018,2,9.25,7.25,True,2.0,2018Q2
MI,2018,3,9.25,7.25,True,2.0,2018Q3
MI,2018,4,9.25,7.25,True,2.0,2018Q4
MI,2019,1,9.45,7.25,True,2.1999999999999993,2019Q1
MI,2019,2,9.45,7.25,True,2.1999999999999993,2019Q2
MI,2019,3,9.45,7.25,True,2.1999999999999993,2019Q3
MI,2019,4,9.45,7.25,True,2.1999999999999993,2019Q4
MI,2020,1,9.65,7.25,True,2.4000000000000004,2020Q1
MI,2020,2,9.65,7.25,True,2.4000000000000004,2020Q2
MI,2020,3,9.65,7.25,True,2.4000000000000004,2020Q3
MI,2020,4,9.65,7.25,True,2.4000000000000004,2020Q4
MI,2021,1,9.65,7.25,True,2.4000000000000004,2021Q1
MI,2021,2,9.65,7.25,True,2.4000000000000004,2021Q2
MI,2021,3,9.65,7.25,True,2.4000000000000004,2021Q3
MI,2021,4,9.65,7.25,True,2.4000000000000004,2021Q4
MI,2022,1,9.87,7.25,True,2.619999999999999,2022Q1
MI,2022,2,9.87,7.25,True,2.619999999999999,2022Q2
MI,2022,3,9.87,7.25,True,2.619999999999999,2022Q3
MI,2022,4,9.87,7.25,True,2.619999999999999,2022Q4
MI,2023,1,10.1,7.25,True,2.8499999999999996,2023Q1
MI,2023,2,10.1,7.25,True,2.8499999999999996,2023Q2
MI,2023,3,10.1,7.25,True,2.8499999999999996,2023Q3
MI,2023,4,10.1,7.25,True,2.8499999999999996,2023Q4
MI,2024,1,10.33,7.25,True,3.08,2024Q1
MI,2024,2,10.33,7.25,True,3.08,2024Q2
MI,2024,3,10.33,7.25,True,3.08,2024Q3
MI,2024,4,10.33,7.25,True,3.08,2024Q4
MN,2016,1,9.5,7.25,True,2.25,2016Q1
MN,2016,2,9.5,7.25,True,2.25,2016Q2
MN,2016,3,9.5,7.25,True,2.25,2016Q3
MN,2016,4,9.5,7.25,True,2.25,2016Q4
MN,2017,1,9.5,7.25,True,2.25,2017Q1
MN,2017,2,9.5,7.25,True,2.25,2017Q2
MN,2017,3,9.5,7.25,True,2.25,2017Q3
MN,2017,4,9.5,7.25,True,2.25,2017Q4
MN,2018,1,9.65,7.25,True,2.4000000000000004,2018Q1
MN,2018,2,9.65,7.25,True,2.4000000000000004,2018Q2
MN,2018,3,9.65,7.25,True,2.4000000000000004,2018Q3
MN,2018,4,9.65,7.25,True,2.4000000000000004,2018Q4
MN,2019,1,9.86,7.25,True,2.6099999999999994,2019Q1
MN,2019,2,9.86,7.25,True,2.6099999999999994,2019Q2
MN,2019,3,9.86,7.25,True,2.6099999999999994,2019Q3
MN,2019,4,9.86,7.25,True,2.6099999999999994,2019Q4
MN,2020,1,10.0,7.25,True,2.75,2020Q1
MN,2020,2,10.0,7.25,True,2.75,2020Q2
MN,2020,3,10.0,7.25,True,2.75,2020Q3
MN,2020,4,10.0,7.25,True,2.75,2020Q4
MN,2021,1,10.08,7.25,True,2.83,2021Q1
MN,2021,2,10.08,7.25,True,2.83,2021Q2
MN,2021,3,10.08,7.25,True,2.83,2021Q3
MN,2021,4,10.08,7.25,True,2.83,2021Q4
MN,2022,1,10.33,7.25,True,3.08,2022Q1
MN,2022,2,10.33,7.25,True,3.08,2022Q2
MN,2022,3,10.33,7.25,True,3.08,2022Q3
MN,2022,4,10.33,7.25,True,3.08,2022Q4
MN,2023,1,10.59,7.25,True,3.34,2023Q1
MN,2023,2,10.59,7.25,True,3.34,2023Q2
MN,2023,3,10.59,7.25,True,3.34,2023Q3
MN,2023,4,10.59,7.25,True,3.34,2023Q4
MN,2024,1,10.85,7.25,True,3.5999999999999996,2024Q1
MN,2024,2,10.85,7.25,True,3.5999999999999996,2024Q2
MN,2024,3,10.85,7.25,True,3.5999999999999996,2024Q3
MN,2024,4,10.85,7.25,True,3.5999999999999996,2024Q4
MO,2016,1,7.65,7.25,True,0.40000000000000036,2016Q1
MO,2016,2,7.65,7.25,True,0.40000000000000036,2016Q2
MO,2016,3,7.65,7.25,True,0.40000000000000036,2016Q3
MO,2016,4,7.65,7.25,True,0.40000000000000036,2016Q4
MO,2017,1,7.7,7.25,True,0.4500000000000002,2017Q1
MO,2017,2,7.7,7.25,True,0.4500000000000002,2017Q2
MO,2017,3,7.7,7.25,True,0.4500000000000002,2017Q3
MO,2017,4,7.7,7.25,True,0.4500000000000002,2017Q4
MO,2018,1,7.85,7.25,True,0.5999999999999996,2018Q1
MO,2018,2,7.85,7.25,True,0.5999999999999996,2018Q2
MO,2018,3,7.85,7.25,True,0.5999999999999996,2018Q3
MO,2018,4,7.85,7.25,True,0.5999999999999996,2018Q4
MO,2019,1,8.6,7.25,True,1.3499999999999996,2019Q1
MO,2019,2,8.6,7.25,True,1.3499999999999996,2019Q2
MO,2019,3,8.6,7.25,True,1.3499999999999996,2019Q3
MO,2019,4,8.6,7.25,True,1.3499999999999996,2019Q4
MO,2020,1,9.45,7.25,True,2.1999999999999993,2020Q1
MO,2020,2,9.45,7.25,True,2.1999999999999993,2020Q2
MO,2020,3,9.45,7.25,True,2.1999999999999993,2020Q3
MO,2020,4,9.45,7.25,True,2.1999999999999993,2020Q4
MO,2021,1,10.3,7.25,True,3.0500000000000007,2021Q1
MO,2021,2,10.3,7.25,True,3.0500000000000007,2021Q2
MO,2021,3,10.3,7.25,True,3.0500000000000007,2021Q3
MO,2021,4,10.3,7.25,True,3.0500000000000007,2021Q4
MO,2022,1,11.15,7.25,True,3.9000000000000004,2022Q1
MO,2022,2,11.15,7.25,True,3.9000000000000004,2022Q2
MO,2022,3,11.15,7.25,True,3.9000000000000004,2022Q3
MO,2022,4,11.15,7.25,True,3.9000000000000004,2022Q4
MO,2023,1,12.0,7.25,True,4.75,2023Q1
MO,2023,2,12.0,7.25,True,4.75,2023Q2
MO,2023,3,12.0,7.25,True,4.75,2023Q3
MO,2023,4,12.0,7.25,True,4.75,2023Q4
MO,2024,1,12.3,7.25,True,5.050000000000001,2024Q1
MO,2024,2,12.3,7.25,True,5.050000000000001,2024Q2
MO,2024,3,12.3,7.25,True,5.050000000000001,2024Q3
MO,2024,4,12.3,7.25,True,5.050000000000001,2024Q4
MT,2016,1,8.05,7.25,True,0.8000000000000007,2016Q1
MT,2016,2,8.05,7.25,True,0.8000000000000007,2016Q2
MT,2016,3,8.05,7.25,True,0.8000000000000007,2016Q3
MT,2016,4,8.05,7.25,True,0.8000000000000007,2016Q4
MT,2017,1,8.15,7.25,True,0.9000000000000004,2017Q1
MT,2017,2,8.15,7.25,True,0.9000000000000004,2017Q2
MT,2017,3,8.15,7.25,True,0.9000000000000004,2017Q3
MT,2017,4,8.15,7.25,True,0.9000000000000004,2017Q4
MT,2018,1,8.3,7.25,True,1.0500000000000007,2018Q1
MT,2018,2,8.3,7.25,True,1.0500000000000007,2018Q2
MT,2018,3,8.3,7.25,True,1.0500000000000007,2018Q3
MT,2018,4,8.3,7.25,True,1.0500000000000007,2018Q4
MT,2019,1,8.5,7.25,True,1.25,2019Q1
MT,2019,2,8.5,7.25,True,1.25,2019Q2
MT,2019,3,8.5,7.25,True,1.25,2019Q3
MT,2019,4,8.5,7.25,True,1.25,2019Q4
MT,2020,1,8.65,7.25,True,1.4000000000000004,2020Q1
MT,2020,2,8.65,7.25,True,1.4000000000000004,2020Q2
MT,2020,3,8.65,7.25,True,1.4000000000000004,2020Q3
MT,2020,4,8.65,7.25,True,1.4000000000000004,2020Q4
MT,2021,1,8.75,7.25,True,1.5,2021Q1
MT,2021,2,8.75,7.25,True,1.5,2021Q2
MT,2021,3,8.75,7.25,True,1.5,2021Q3
MT,2021,4,8.75,7.25,True,1.5,2021Q4
MT,2022,1,9.2,7.25,True,1.9499999999999993,2022Q1
MT,2022,2,9.2,7.25,True,1.9499999999999993,2022Q2
MT,2022,3,9.2,7.25,True,1.9499999999999993,2022Q3
MT,2022,4,9.2,7.25,True,1.9499999999999993,2022Q4
MT,2023,1,9.95,7.25,True,2.6999999999999993,2023Q1
MT,2023,2,9.95,7.25,True,2.6999999999999993,2023Q2
MT,2023,3,9.95,7.25,True,2.6999999999999993,2023Q3
MT,2023,4,9.95,7.25,True,2.6999999999999993,2023Q4
MT,2024,1,10.3,7.25,True,3.0500000000000007,2024Q1
MT,2024,2,10.3,7.25,True,3.0500000000000007,2024Q2
MT,2024,3,10.3,7.25,True,3.0500000000000007,2024Q3
MT,2024,4,10.3,7.25,True,3.0500000000000007,2024Q4
NE,2016,1,9.0,7.25,True,1.75,2016Q1
NE,2016,2,9.0,7.25,True,1.75,2016Q2
NE,2016,3,9.0,7.25,True,1.75,2016Q3
NE,2016,4,9.0,7.25,True,1.75,2016Q4
NE,2017,1,9.0,7.25,True,1.75,2017Q1
NE,2017,2,9.0,7.25,True,1.75,2017Q2
NE,2017,3,9.0,7.25,True,1.75,2017Q3
NE,2017,4,9.0,7.25,True,1.75,2017Q4
NE,2018,1,9.0,7.25,True,1.75,2018Q1
NE,2018,2,9.0,7.25,True,1.75,2018Q2
NE,2018,3,9.0,7.25,True,1.75,2018Q3
NE,2018,4,9.0,7.25,True,1.75,2018Q4
NE,2019,1,9.0,7.25,True,1.75,2019Q1
NE,2019,2,9.0,7.25,True,1.75,2019Q2
NE,2019,3,9.0,7.25,True,1.75,2019Q3
NE,2019,4,9.0,7.25,True,1.75,2019Q4
NE,2020,1,9.0,7.25,True,1.75,2020Q1
NE,2020,2,9.0,7.25,True,1.75,2020Q2
NE,2020,3,9.0,7.25,True,1.75,2020Q3
NE,2020,4,9.0,7.25,True,1.75,2020Q4
NE,2021,1,9.0,7.25,True,1.75,2021Q1
NE,2021,2,9.0,7.25,True,1.75,2021Q2
NE,2021,3,9.0,7.25,True,1.75,2021Q3
NE,2021,4,9.0,7.25,True,1.75,2021Q4
NE,2022,1,9.0,7.25,True,1.75,2022Q1
NE,2022,2,9.0,7.25,True,1.75,2022Q2
NE,2022,3,9.0,7.25,True,1.75,2022Q3
NE,2022,4,9.0,7.25,True,1.75,2022Q4
NE,2023,1,10.5,7.25,True,3.25,2023Q1
NE,2023,2,10.5,7.25,True,3.25,2023Q2
NE,2023,3,10.5,7.25,True,3.25,2023Q3
NE,2023,4,10.5,7.25,True,3.25,2023Q4
NE,2024,1,12.0,7.25,True,4.75,2024Q1
NE,2024,2,12.0,7.25,True,4.75,2024Q2
NE,2024,3,12.0,7.25,True,4.75,2024Q3
NE,2024,4,12.0,7.25,True,4.75,2024Q4
NJ,2016,1,8.38,7.25,True,1.1300000000000008,2016Q1
NJ,2016,2,8.38,7.25,True,1.1300000000000008,2016Q2
NJ,2016,3,8.38,7.25,True,1.1300000000000008,2016Q3
NJ,2016,4,8.38,7.25,True,1.1300000000000008,2016Q4
NJ,2017,1,8.44,7.25,True,1.1899999999999995,2017Q1
NJ,2017,2,8.44,7.25,True,1.1899999999999995,2017Q2
NJ,2017,3,8.44,7.25,True,1.1899999999999995,2017Q3
NJ,2017,4,8.44,7.25,True,1.1899999999999995,2017Q4
NJ,2018,1,8.6,7.25,True,1.3499999999999996,2018Q1
NJ,2018,2,8.6,7.25,True,1.3499999999999996,2018Q2
NJ,2018,3,8.6,7.25,True,1.3499999999999996,2018Q3
NJ,2018,4,8.6,7.25,True,1.3499999999999996,2018Q4
NJ,2019,1,10.0,7.25,True,2.75,2019Q1
NJ,2019,2,10.0,7.25,True,2.75,2019Q2
NJ,2019,3,10.0,7.25,True,2.75,2019Q3
NJ,2019,4,10.0,7.25,True,2.75,2019Q4
NJ,2020,1,11.0,7.25,True,3.75,2020Q1
NJ,2020,2,11.0,7.25,True,3.75,2020Q2
NJ,2020,3,11.0,7.25,True,3.75,2020Q3
NJ,2020,4,11.0,7.25,True,3.75,2020Q4
NJ,2021,1,12.0,7.25,True,4.75,2021Q1
NJ,2021,2,12.0,7.25,True,4.75,2021Q2
NJ,2021,3,12.0,7.25,True,4.75,2021Q3
NJ,2021,4,12.0,7.25,True,4.75,2021Q4
NJ,2022,1,13.0,7.25,True,5.75,2022Q1
NJ,2022,2,13.0,7.25,True,5.75,2022Q2
NJ,2022,3,13.0,7.25,True,5.75,2022Q3
NJ,2022,4,13.0,7.25,True,5.75,2022Q4
NJ,2023,1,14.13,7.25,True,6.880000000000001,2023Q1
NJ,2023,2,14.13,7.25,True,6.880000000000001,2023Q2
NJ,2023,3,14.13,7.25,True,6.880000000000001,2023Q3
NJ,2023,4,14.13,7.25,True,6.880000000000001,2023Q4
NJ,2024,1,15.49,7.25,True,8.24,2024Q1
NJ,2024,2,15.49,7.25,True,8.24,2024Q2
NJ,2024,3,15.49,7.25,True,8.24,2024Q3
NJ,2024,4,15.49,7.25,True,8.24,2024Q4
NM,2016,1,7.5,7.25,True,0.25,2016Q1
NM,2016,2,7.5,7.25,True,0.25,2016Q2
NM,2016,3,7.5,7.25,True,0.25,2016Q3
NM,2016,4,7.5,7.25,True,0.25,2016Q4
NM,2017,1,7.5,7.25,True,0.25,2017Q1
NM,2017,2,7.5,7.25,True,0.25,2017Q2
NM,2017,3,7.5,7.25,True,0.25,2017Q3
NM,2017,4,7.5,7.25,True,0.25,2017Q4
NM,2018,1,7.5,7.25,True,0.25,2018Q1
NM,2018,2,7.5,7.25,True,0.25,2018Q2
NM,2018,3,7.5,7.25,True,0.25,2018Q3
NM,2018,4,7.5,7.25,True,0.25,2018Q4
NM,2019,1,7.5,7.25,True,0.25,2019Q1
NM,2019,2,7.5,7.25,True,0.25,2019Q2
NM,2019,3,7.5,7.25,True,0.25,2019Q3
NM,2019,4,7.5,7.25,True,0.25,2019Q4
NM,2020,1,9.0,7.25,True,1.75,2020Q1
NM,2020,2,9.0,7.25,True,1.75,2020Q2
NM,2020,3,9.0,7.25,True,1.75,2020Q3
NM,2020,4,9.0,7.25,True,1.75,2020Q4
NM,2021,1,10.5,7.25,True,3.25,2021Q1
NM,2021,2,10.5,7.25,True,3.25,2021Q2
NM,2021,3,10.5,7.25,True,3.25,2021Q3
NM,2021,4,10.5,7.25,True,3.25,2021Q4
NM,2022,1,11.5,7.25,True,4.25,2022Q1
NM,2022,2,11.5,7.25,True,4.25,2022Q2
NM,2022,3,11.5,7.25,True,4.25,2022Q3
NM,2022,4,11.5,7.25,True,4.25,2022Q4
NM,2023,1,12.0,7.25,True,4.75,2023Q1
NM,2023,2,12.0,7.25,True,4.75,2023Q2
NM,2023,3,12.0,7.25,True,4.75,2023Q3
NM,2023,4,12.0,7.25,True,4.75,2023Q4
NM,2024,1,12.0,7.25,True,4.75,2024Q1
NM,2024,2,12.0,7.25,True,4.75,2024Q2
NM,2024,3,12.0,7.25,True,4.75,2024Q3
NM,2024,4,12.0,7.25,True,4.75,2024Q4
NV,2016,1,8.25,7.25,True,1.0,2016Q1
NV,2016,2,8.25,7.25,True,1.0,2016Q2
NV,2016,3,8.25,7.25,True,1.0,2016Q3
NV,2016,4,8.25,7.25,True,1.0,2016Q4
NV,2017,1,8.25,7.25,True,1.0,2017Q1
NV,2017,2,8.25,7.25,True,1.0,2017Q2
NV,2017,3,8.25,7.25,True,1.0,2017Q3
NV,2017,4,8.25,7.25,True,1.0,2017Q4
NV,2018,1,8.25,7.25,True,1.0,2018Q1
NV,2018,2,8.25,7.25,True,1.0,2018Q2
NV,2018,3,8.25,7.25,True,1.0,2018Q3
NV,2018,4,8.25,7.25,True,1.0,2018Q4
NV,2019,1,8.25,7.25,True,1.0,2019Q1
NV,2019,2,8.25,7.25,True,1.0,2019Q2
NV,2019,3,8.25,7.25,True,1.0,2019Q3
NV,2019,4,8.25,7.25,True,1.0,2019Q4
NV,2020,1,9.0,7.25,True,1.75,2020Q1
NV,2020,2,9.0,7.25,True,1.75,2020Q2
NV,2020,3,9.0,7.25,True,1.75,2020Q3
NV,2020,4,9.0,7.25,True,1.75,2020Q4
NV,2021,1,9.75,7.25,True,2.5,2021Q1
NV,2021,2,9.75,7.25,True,2.5,2021Q2
NV,2021,3,9.75,7.25,True,2.5,2021Q3
NV,2021,4,9.75,7.25,True,2.5,2021Q4
NV,2022,1,10.5,7.25,True,3.25,2022Q1
NV,2022,2,10.5,7.25,True,3.25,2022Q2
NV,2022,3,10.5,7.25,True,3.25,2022Q3
NV,2022,4,10.5,7.25,True,3.25,2022Q4
NV,2023,1,11.25,7.25,True,4.0,2023Q1
NV,2023,2,11.25,7.25,True,4.0,2023Q2
NV,2023,3,11.25,7.25,True,4.0,2023Q3
NV,2023,4,11.25,7.25,True,4.0,2023Q4
NV,2024,1,12.0,7.25,True,4.75,2024Q1
NV,2024,2,12.0,7.25,True,4.75,2024Q2
NV,2024,3,12.0,7.25,True,4.75,2024Q3
NV,2024,4,12.0,7.25,True,4.75,2024Q4
NY,2016,1,9.0,7.25,True,1.75,2016Q1
NY,2016,2,9.0,7.25,True,1.75,2016Q2
NY,2016,3,9.0,7.25,True,1.75,2016Q3
NY,2016,4,9.0,7.25,True,1.75,2016Q4
NY,2017,1,9.7,7.25,True,2.4499999999999993,2017Q1
NY,2017,2,9.7,7.25,True,2.4499999999999993,2017Q2
NY,2017,3,9.7,7.25,True,2.4499999999999993,2017Q3
NY,2017,4,9.7,7.25,True,2.4499999999999993,2017Q4
NY,2018,1,10.4,7.25,True,3.1500000000000004,2018Q1
NY,2018,2,10.4,7.25,True,3.1500000000000004,2018Q2
NY,2018,3,10.4,7.25,True,3.1500000000000004,2018Q3
NY,2018,4,10.4,7.25,True,3.1500000000000004,2018Q4
NY,2019,1,11.8,7.25,True,4.550000000000001,2019Q1
NY,2019,2,11.8,7.25,True,4.550000000000001,2019Q2
NY,2019,3,11.8,7.25,True,4.550000000000001,2019Q3
NY,2019,4,11.8,7.25,True,4.550000000000001,2019Q4
NY,2020,1,12.5,7.25,True,5.25,2020Q1
NY,2020,2,12.5,7.25,True,5.25,2020Q2
NY,2020,3,12.5,7.25,True,5.25,2020Q3
NY,2020,4,12.5,7.25,True,5.25,2020Q4
NY,2021,1,12.5,7.25,True,5.25,2021Q1
NY,2021,2,12.5,7.25,True,5.25,2021Q2
NY,2021,3,12.5,7.25,True,5.25,2021Q3
NY,2021,4,12.5,7.25,True,5.25,2021Q4
NY,2022,1,13.2,7.25,True,5.949999999999999,2022Q1
NY,2022,2,13.2,7.25,True,5.949999999999999,2022Q2
NY,2022,3,13.2,7.25,True,5.949999999999999,2022Q3
NY,2022,4,13.2,7.25,True,5.949999999999999,2022Q4
NY,2023,1,14.2,7.25,True,6.949999999999999,2023Q1
NY,2023,2,14.2,7.25,True,6.949999999999999,2023Q2
NY,2023,3,14.2,7.25,True,6.949999999999999,2023Q3
NY,2023,4,14.2,7.25,True,6.949999999999999,2023Q4
NY,2024,1,16.0,7.25,True,8.75,2024Q1
NY,2024,2,16.0,7.25,True,8.75,2024Q2
NY,2024,3,16.0,7.25,True,8.75,2024Q3
NY,2024,4,16.0,7.25,True,8.75,2024Q4
OH,2016,1,8.1,7.25,True,0.8499999999999996,2016Q1
OH,2016,2,8.1,7.25,True,0.8499999999999996,2016Q2
OH,2016,3,8.1,7.25,True,0.8499999999999996,2016Q3
OH,2016,4,8.1,7.25,True,0.8499999999999996,2016Q4
OH,2017,1,8.15,7.25,True,0.9000000000000004,2017Q1
OH,2017,2,8.15,7.25,True,0.9000000000000004,2017Q2
OH,2017,3,8.15,7.25,True,0.9000000000000004,2017Q3
OH,2017,4,8.15,7.25,True,0.9000000000000004,2017Q4
OH,2018,1,8.3,7.25,True,1.0500000000000007,2018Q1
OH,2018,2,8.3,7.25,True,1.0500000000000007,2018Q2
OH,2018,3,8.3,7.25,True,1.0500000000000007,2018Q3
OH,2018,4,8.3,7.25,True,1.0500000000000007,2018Q4
OH,2019,1,8.55,7.25,True,1.3000000000000007,2019Q1
OH,2019,2,8.55,7.25,True,1.3000000000000007,2019Q2
OH,2019,3,8.55,7.25,True,1.3000000000000007,2019Q3
OH,2019,4,8.55,7.25,True,1.3000000000000007,2019Q4
OH,2020,1,8.7,7.25,True,1.4499999999999993,2020Q1
OH,2020,2,8.7,7.25,True,1.4499999999999993,2020Q2
OH,2020,3,8.7,7.25,True,1.4499999999999993,2020Q3
OH,2020,4,8.7,7.25,True,1.4499999999999993,2020Q4
OH,2021,1,8.8,7.25,True,1.5500000000000007,2021Q1
OH,2021,2,8.8,7.25,True,1.5500000000000007,2021Q2
OH,2021,3,8.8,7.25,True,1.5500000000000007,2021Q3
OH,2021,4,8.8,7.25,True,1.5500000000000007,2021Q4
OH,2022,1,9.3,7.25,True,2.0500000000000007,2022Q1
OH,2022,2,9.3,7.25,True,2.0500000000000007,2022Q2
OH,2022,3,9.3,7.25,True,2.0500000000000007,2022Q3
OH,2022,4,9.3,7.25,True,2.0500000000000007,2022Q4
OH,2023,1,10.1,7.25,True,2.8499999999999996,2023Q1
OH,2023,2,10.1,7.25,True,2.8499999999999996,2023Q2
OH,2023,3,10.1,7.25,True,2.8499999999999996,2023Q3
OH,2023,4,10.1,7.25,True,2.8499999999999996,2023Q4
OH,2024,1,10.45,7.25,True,3.1999999999999993,2024Q1
OH,2024,2,10.45,7.25,True,3.1999999999999993,2024Q2
OH,2024,3,10.45,7.25,True,3.1999999999999993,2024Q3
OH,2024,4,10.45,7.25,True,3.1999999999999993,2024Q4
OR,2016,1,9.75,7.25,True,2.5,2016Q1
OR,2016,2,9.75,7.25,True,2.5,2016Q2
OR,2016,3,9.75,7.25,True,2.5,2016Q3
OR,2016,4,9.75,7.25,True,2.5,2016Q4
OR,2017,1,10.25,7.25,True,3.0,2017Q1
OR,2017,2,10.25,7.25,True,3.0,2017Q2
OR,2017,3,10.25,7.25,True,3.0,2017Q3
OR,2017,4,10.25,7.25,True,3.0,2017Q4
OR,2018,1,10.75,7.25,True,3.5,2018Q1
OR,2018,2,10.75,7.25,True,3.5,2018Q2
OR,2018,3,10.75,7.25,True,3.5,2018Q3
OR,2018,4,10.75,7.25,True,3.5,2018Q4
OR,2019,1,11.25,7.25,True,4.0,2019Q1
OR,2019,2,11.25,7.25,True,4.0,2019Q2
OR,2019,3,11.25,7.25,True,4.0,2019Q3
OR,2019,4,11.25,7.25,True,4.0,2019Q4
OR,2020,1,12.0,7.25,True,4.75,2020Q1
OR,2020,2,12.0,7.25,True,4.75,2020Q2
OR,2020,3,12.0,7.25,True,4.75,2020Q3
OR,2020,4,12.0,7.25,True,4.75,2020Q4
OR,2021,1,12.75,7.25,True,5.5,2021Q1
OR,2021,2,12.75,7.25,True,5.5,2021Q2
OR,2021,3,12.75,7.25,True,5.5,2021Q3
OR,2021,4,12.75,7.25,True,5.5,2021Q4
OR,2022,1,13.5,7.25,True,6.25,2022Q1
OR,2022,2,13.5,7.25,True,6.25,2022Q2
OR,2022,3,13.5,7.25,True,6.25,2022Q3
OR,2022,4,13.5,7.25,True,6.25,2022Q4
OR,2023,1,14.2,7.25,True,6.949999999999999,2023Q1
OR,2023,2,14.2,7.25,True,6.949999999999999,2023Q2
OR,2023,3,14.2,7.25,True,6.949999999999999,2023Q3
OR,2023,4,14.2,7.25,True,6.949999999999999,2023Q4
OR,2024,1,14.7,7.25,True,7.449999999999999,2024Q1
OR,2024,2,14.7,7.25,True,7.449999999999999,2024Q2
OR,2024,3,14.7,7.25,True,7.449999999999999,2024Q3
OR,2024,4,14.7,7.25,True,7.449999999999999,2024Q4
RI,2016,1,9.6,7.25,True,2.3499999999999996,2016Q1
RI,2016,2,9.6,7.25,True,2.3499999999999996,2016Q2
RI,2016,3,9.6,7.25,True,2.3499999999999996,2016Q3
RI,2016,4,9.6,7.25,True,2.3499999999999996,2016Q4
RI,2017,1,9.6,7.25,True,2.3499999999999996,2017Q1
RI,2017,2,9.6,7.25,True,2.3499999999999996,2017Q2
RI,2017,3,9.6,7.25,True,2.3499999999999996,2017Q3
RI,2017,4,9.6,7.25,True,2.3499999999999996,2017Q4
RI,2018,1,10.1,7.25,True,2.8499999999999996,2018Q1
RI,2018,2,10.1,7.25,True,2.8499999999999996,2018Q2
RI,2018,3,10.1,7.25,True,2.8499999999999996,2018Q3
RI,2018,4,10.1,7.25,True,2.8499999999999996,2018Q4
RI,2019,1,10.5,7.25,True,3.25,2019Q1
RI,2019,2,10.5,7.25,True,3.25,2019Q2
RI,2019,3,10.5,7.25,True,3.25,2019Q3
RI,2019,4,10.5,7.25,True,3.25,2019Q4
RI,2020,1,10.5,7.25,True,3.25,2020Q1
RI,2020,2,10.5,7.25,True,3.25,2020Q2
RI,2020,3,10.5,7.25,True,3.25,2020Q3
RI,2020,4,10.5,7.25,True,3.25,2020Q4
RI,2021,1,11.5,7.25,True,4.25,2021Q1
RI,2021,2,11.5,7.25,True,4.25,2021Q2
RI,2021,3,11.5,7.25,True,4.25,2021Q3
RI,2021,4,11.5,7.25,True,4.25,2021Q4
RI,2022,1,12.25,7.25,True,5.0,2022Q1
RI,2022,2,12.25,7.25,True,5.0,2022Q2
RI,2022,3,12.25,7.25,True,5.0,2022Q3
RI,2022,4,12.25,7.25,True,5.0,2022Q4
RI,2023,1,13.0,7.25,True,5.75,2023Q1
RI,2023,2,13.0,7.25,True,5.75,2023Q2
RI,2023,3,13.0,7.25,True,5.75,2023Q3
RI,2023,4,13.0,7.25,True,5.75,2023Q4
RI,2024,1,14.0,7.25,True,6.75,2024Q1
RI,2024,2,14.0,7.25,True,6.75,2024Q2
RI,2024,3,14.0,7.25,True,6.75,2024Q3
RI,2024,4,14.0,7.25,True,6.75,2024Q4
SD,2016,1,8.55,7.25,True,1.3000000000000007,2016Q1
SD,2016,2,8.55,7.25,True,1.3000000000000007,2016Q2
SD,2016,3,8.55,7.25,True,1.3000000000000007,2016Q3
SD,2016,4,8.55,7.25,True,1.3000000000000007,2016Q4
SD,2017,1,8.65,7.25,True,1.4000000000000004,2017Q1
SD,2017,2,8.65,7.25,True,1.4000000000000004,2017Q2
SD,2017,3,8.65,7.25,True,1.4000000000000004,2017Q3
SD,2017,4,8.65,7.25,True,1.4000000000000004,2017Q4
SD,2018,1,8.85,7.25,True,1.5999999999999996,2018Q1
SD,2018,2,8.85,7.25,True,1.5999999999999996,2018Q2
SD,2018,3,8.85,7.25,True,1.5999999999999996,2018Q3
SD,2018,4,8.85,7.25,True,1.5999999999999996,2018Q4
SD,2019,1,9.1,7.25,True,1.8499999999999996,2019Q1
SD,2019,2,9.1,7.25,True,1.8499999999999996,2019Q2
SD,2019,3,9.1,7.25,True,1.8499999999999996,2019Q3
SD,2019,4,9.1,7.25,True,1.8499999999999996,2019Q4
SD,2020,1,9.3,7.25,True,2.0500000000000007,2020Q1
SD,2020,2,9.3,7.25,True,2.0500000000000007,2020Q2
SD,2020,3,9.3,7.25,True,2.0500000000000007,2020Q3
SD,2020,4,9.3,7.25,True,2.0500000000000007,2020Q4
SD,2021,1,9.45,7.25,True,2.1999999999999993,2021Q1
SD,2021,2,9.45,7.25,True,2.1999999999999993,2021Q2
SD,2021,3,9.45,7.25,True,2.1999999999999993,2021Q3
SD,2021,4,9.45,7.25,True,2.1999999999999993,2021Q4
SD,2022,1,9.95,7.25,True,2.6999999999999993,2022Q1
SD,2022,2,9.95,7.25,True,2.6999999999999993,2022Q2
SD,2022,3,9.95,7.25,True,2.6999999999999993,2022Q3
SD,2022,4,9.95,7.25,True,2.6999999999999993,2022Q4
SD,2023,1,10.8,7.25,True,3.5500000000000007,2023Q1
SD,2023,2,10.8,7.25,True,3.5500000000000007,2023Q2
SD,2023,3,10.8,7.25,True,3.5500000000000007,2023Q3
SD,2023,4,10.8,7.25,True,3.5500000000000007,2023Q4
SD,2024,1,11.2,7.25,True,3.9499999999999993,2024Q1
SD,2024,2,11.2,7.25,True,3.9499999999999993,2024Q2
SD,2024,3,11.2,7.25,True,3.9499999999999993,2024Q3
SD,2024,4,11.2,7.25,True,3.9499999999999993,2024Q4
VT,2016,1,9.6,7.25,True,2.3499999999999996,2016Q1
VT,2016,2,9.6,7.25,True,2.3499999999999996,2016Q2
VT,2016,3,9.6,7.25,True,2.3499999999999996,2016Q3
VT,2016,4,9.6,7.25,True,2.3499999999999996,2016Q4
VT,2017,1,10.0,7.25,True,2.75,2017Q1
VT,2017,2,10.0,7.25,True,2.75,2017Q2
VT,2017,3,10.0,7.25,True,2.75,2017Q3
VT,2017,4,10.0,7.25,True,2.75,2017Q4
VT,2018,1,10.5,7.25,True,3.25,2018Q1
VT,2018,2,10.5,7.25,True,3.25,2018Q2
VT,2018,3,10.5,7.25,True,3.25,2018Q3
VT,2018,4,10.5,7.25,True,3.25,2018Q4
VT,2019,1,10.78,7.25,True,3.5299999999999994,2019Q1
VT,2019,2,10.78,7.25,True,3.5299999999999994,2019Q2
VT,2019,3,10.78,7.25,True,3.5299999999999994,2019Q3
VT,2019,4,10.78,7.25,True,3.5299999999999994,2019Q4
VT,2020,1,11.75,7.25,True,4.5,2020Q1
VT,2020,2,11.75,7.25,True,4.5,2020Q2
VT,2020,3,11.75,7.25,True,4.5,2020Q3
VT,2020,4,11.75,7.25,True,4.5,2020Q4
VT,2021,1,11.75,7.25,True,4.5,2021Q1
VT,2021,2,11.75,7.25,True,4.5,2021Q2
VT,2021,3,11.75,7.25,True,4.5,2021Q3
VT,2021,4,11.75,7.25,True,4.5,2021Q4
VT,2022,1,12.55,7.25,True,5.300000000000001,2022Q1
VT,2022,2,12.55,7.25,True,5.300000000000001,2022Q2
VT,2022,3,12.55,7.25,True,5.300000000000001,2022Q3
VT,2022,4,12.55,7.25,True,5.300000000000001,2022Q4
VT,2023,1,13.18,7.25,True,5.93,2023Q1
VT,2023,2,13.18,7.25,True,5.93,2023Q2
VT,2023,3,13.18,7.25,True,5.93,2023Q3
VT,2023,4,13.18,7.25,True,5.93,2023Q4
VT,2024,1,13.67,7.25,True,6.42,2024Q1
VT,2024,2,13.67,7.25,True,6.42,2024Q2
VT,2024,3,13.67,7.25,True,6.42,2024Q3
VT,2024,4,13.67,7.25,True,6.42,2024Q4
WA,2016,1,9.47,7.25,True,2.2200000000000006,2016Q1
WA,2016,2,9.47,7.25,True,2.2200000000000006,2016Q2
WA,2016,3,9.47,7.25,True,2.2200000000000006,2016Q3
WA,2016,4,9.47,7.25,True,2.2200000000000006,2016Q4
WA,2017,1,11.0,7.25,True,3.75,2017Q1
WA,2017,2,11.0,7.25,True,3.75,2017Q2
WA,2017,3,11.0,7.25,True,3.75,2017Q3
WA,2017,4,11.0,7.25,True,3.75,2017Q4
WA,2018,1,11.5,7.25,True,4.25,2018Q1
WA,2018,2,11.5,7.25,True,4.25,2018Q2
WA,2018,3,11.5,7.25,True,4.25,2018Q3
WA,2018,4,11.5,7.25,True,4.25,2018Q4
WA,2019,1,12.0,7.25,True,4.75,2019Q1
WA,2019,2,12.0,7.25,True,4.75,2019Q2
WA,2019,3,12.0,7.25,True,4.75,2019Q3
WA,2019,4,12.0,7.25,True,4.75,2019Q4
WA,2020,1,13.5,7.25,True,6.25,2020Q1
WA,2020,2,13.5,7.25,True,6.25,2020Q2
WA,2020,3,13.5,7.25,True,6.25,2020Q3
WA,2020,4,13.5,7.25,True,6.25,2020Q4
WA,2021,1,13.69,7.25,True,6.4399999999999995,2021Q1
WA,2021,2,13.69,7.25,True,6.4399999999999995,2021Q2
WA,2021,3,13.69,7.25,True,6.4399999999999995,2021Q3
WA,2021,4,13.69,7.25,True,6.4399999999999995,2021Q4
WA,2022,1,14.49,7.25,True,7.24,2022Q1
WA,2022,2,14.49,7.25,True,7.24,2022Q2
WA,2022,3,14.49,7.25,True,7.24,2022Q3
WA,2022,4,14.49,7.25,True,7.24,2022Q4
WA,2023,1,15.74,7.25,True,8.49,2023Q1
WA,2023,2,15.74,7.25,True,8.49,2023Q2
WA,2023,3,15.74,7.25,True,8.49,2023Q3
WA,2023,4,15.74,7.25,True,8.49,2023Q4
WA,2024,1,16.28,7.25,True,9.030000000000001,2024Q1
WA,2024,2,16.28,7.25,True,9.030000000000001,2024Q2
WA,2024,3,16.28,7.25,True,9.030000000000001,2024Q3
WA,2024,4,16.28,7.25,True,9.030000000000001,2024Q4
WV,2016,1,8.75,7.25,True,1.5,2016Q1
WV,2016,2,8.75,7.25,True,1.5,2016Q2
WV,2016,3,8.75,7.25,True,1.5,2016Q3
WV,2016,4,8.75,7.25,True,1.5,2016Q4
WV,2017,1,8.75,7.25,True,1.5,2017Q1
WV,2017,2,8.75,7.25,True,1.5,2017Q2
WV,2017,3,8.75,7.25,True,1.5,2017Q3
WV,2017,4,8.75,7.25,True,1.5,2017Q4
WV,2018,1,8.75,7.25,True,1.5,2018Q1
WV,2018,2,8.75,7.25,True,1.5,2018Q2
WV,2018,3,8.75,7.25,True,1.5,2018Q3
WV,2018,4,8.75,7.25,True,1.5,2018Q4
WV,2019,1,8.75,7.25,True,1.5,2019Q1
WV,2019,2,8.75,7.25,True,1.5,2019Q2
WV,2019,3,8.75,7.25,True,1.5,2019Q3
WV,2019,4,8.75,7.25,True,1.5,2019Q4
WV,2020,1,8.75,7.25,True,1.5,2020Q1
WV,2020,2,8.75,7.25,True,1.5,2020Q2
WV,2020,3,8.75,7.25,True,1.5,2020Q3
WV,2020,4,8.75,7.25,True,1.5,2020Q4
WV,2021,1,8.75,7.25,True,1.5,2021Q1
WV,2021,2,8.75,7.25,True,1.5,2021Q2
WV,2021,3,8.75,7.25,True,1.5,2021Q3
WV,2021,4,8.75,7.25,True,1.5,2021Q4
WV,2022,1,8.75,7.25,True,1.5,2022Q1
WV,2022,2,8.75,7.25,True,1.5,2022Q2
WV,2022,3,8.75,7.25,True,1.5,2022Q3
WV,2022,4,8.75,7.25,True,1.5,2022Q4
WV,2023,1,8.75,7.25,True,1.5,2023Q1
WV,2023,2,8.75,7.25,True,1.5,2023Q2
WV,2023,3,8.75,7.25,True,1.5,2023Q3
WV,2023,4,8.75,7.25,True,1.5,2023Q4
WV,2024,1,8.75,7.25,True,1.5,2024Q1
WV,2024,2,8.75,7.25,True,1.5,2024Q2
WV,2024,3,8.75,7.25,True,1.5,2024Q3
WV,2024,4,8.75,7.25,True,1.5,2024Q4
AL,2016,1,7.25,7.25,False,0.0,2016Q1
AL,2016,2,7.25,7.25,False,0.0,2016Q2
AL,2016,3,7.25,7.25,False,0.0,2016Q3
AL,2016,4,7.25,7.25,False,0.0,2016Q4
AL,2017,1,7.25,7.25,False,0.0,2017Q1
AL,2017,2,7.25,7.25,False,0.0,2017Q2
AL,2017,3,7.25,7.25,False,0.0,2017Q3
AL,2017,4,7.25,7.25,False,0.0,2017Q4
AL,2018,1,7.25,7.25,False,0.0,2018Q1
AL,2018,2,7.25,7.25,False,0.0,2018Q2
AL,2018,3,7.25,7.25,False,0.0,2018Q3
AL,2018,4,7.25,7.25,False,0.0,2018Q4
AL,2019,1,7.25,7.25,False,0.0,2019Q1
AL,2019,2,7.25,7.25,False,0.0,2019Q2
AL,2019,3,7.25,7.25,False,0.0,2019Q3
AL,2019,4,7.25,7.25,False,0.0,2019Q4
AL,2020,1,7.25,7.25,False,0.0,2020Q1
AL,2020,2,7.25,7.25,False,0.0,2020Q2
AL,2020,3,7.25,7.25,False,0.0,2020Q3
AL,2020,4,7.25,7.25,False,0.0,2020Q4
AL,2021,1,7.25,7.25,False,0.0,2021Q1
AL,2021,2,7.25,7.25,False,0.0,2021Q2
AL,2021,3,7.25,7.25,False,0.0,2021Q3
AL,2021,4,7.25,7.25,False,0.0,2021Q4
AL,2022,1,7.25,7.25,False,0.0,2022Q1
AL,2022,2,7.25,7.25,False,0.0,2022Q2
AL,2022,3,7.25,7.25,False,0.0,2022Q3
AL,2022,4,7.25,7.25,False,0.0,2022Q4
AL,2023,1,7.25,7.25,False,0.0,2023Q1
AL,2023,2,7.25,7.25,False,0.0,2023Q2
AL,2023,3,7.25,7.25,False,0.0,2023Q3
AL,2023,4,7.25,7.25,False,0.0,2023Q4
AL,2024,1,7.25,7.25,False,0.0,2024Q1
AL,2024,2,7.25,7.25,False,0.0,2024Q2
AL,2024,3,7.25,7.25,False,0.0,2024Q3
AL,2024,4,7.25,7.25,False,0.0,2024Q4
GA,2016,1,7.25,7.25,False,0.0,2016Q1
GA,2016,2,7.25,7.25,False,0.0,2016Q2
GA,2016,3,7.25,7.25,False,0.0,2016Q3
GA,2016,4,7.25,7.25,False,0.0,2016Q4
GA,2017,1,7.25,7.25,False,0.0,2017Q1
GA,2017,2,7.25,7.25,False,0.0,2017Q2
GA,2017,3,7.25,7.25,False,0.0,2017Q3
GA,2017,4,7.25,7.25,False,0.0,2017Q4
GA,2018,1,7.25,7.25,False,0.0,2018Q1
GA,2018,2,7.25,7.25,False,0.0,2018Q2
GA,2018,3,7.25,7.25,False,0.0,2018Q3
GA,2018,4,7.25,7.25,False,0.0,2018Q4
GA,2019,1,7.25,7.25,False,0.0,2019Q1
GA,2019,2,7.25,7.25,False,0.0,2019Q2
GA,2019,3,7.25,7.25,False,0.0,2019Q3
GA,2019,4,7.25,7.25,False,0.0,2019Q4
GA,2020,1,7.25,7.25,False,0.0,2020Q1
GA,2020,2,7.25,7.25,False,0.0,2020Q2
GA,2020,3,7.25,7.25,False,0.0,2020Q3
GA,2020,4,7.25,7.25,False,0.0,2020Q4
GA,2021,1,7.25,7.25,False,0.0,2021Q1
GA,2021,2,7.25,7.25,False,0.0,2021Q2
GA,2021,3,7.25,7.25,False,0.0,2021Q3
GA,2021,4,7.25,7.25,False,0.0,2021Q4
GA,2022,1,7.25,7.25,False,0.0,2022Q1
GA,2022,2,7.25,7.25,False,0.0,2022Q2
GA,2022,3,7.25,7.25,False,0.0,2022Q3
GA,2022,4,7.25,7.25,False,0.0,2022Q4
GA,2023,1,7.25,7.25,False,0.0,2023Q1
GA,2023,2,7.25,7.25,False,0.0,2023Q2
GA,2023,3,7.25,7.25,False,0.0,2023Q3
GA,2023,4,7.25,7.25,False,0.0,2023Q4
GA,2024,1,7.25,7.25,False,0.0,2024Q1
GA,2024,2,7.25,7.25,False,0.0,2024Q2
GA,2024,3,7.25,7.25,False,0.0,2024Q3
GA,2024,4,7.25,7.25,False,0.0,2024Q4
ID,2016,1,7.25,7.25,False,0.0,2016Q1
ID,2016,2,7.25,7.25,False,0.0,2016Q2
ID,2016,3,7.25,7.25,False,0.0,2016Q3
ID,2016,4,7.25,7.25,False,0.0,2016Q4
ID,2017,1,7.25,7.25,False,0.0,2017Q1
ID,2017,2,7.25,7.25,False,0.0,2017Q2
ID,2017,3,7.25,7.25,False,0.0,2017Q3
ID,2017,4,7.25,7.25,False,0.0,2017Q4
ID,2018,1,7.25,7.25,False,0.0,2018Q1
ID,2018,2,7.25,7.25,False,0.0,2018Q2
ID,2018,3,7.25,7.25,False,0.0,2018Q3
ID,2018,4,7.25,7.25,False,0.0,2018Q4
ID,2019,1,7.25,7.25,False,0.0,2019Q1
ID,2019,2,7.25,7.25,False,0.0,2019Q2
ID,2019,3,7.25,7.25,False,0.0,2019Q3
ID,2019,4,7.25,7.25,False,0.0,2019Q4
ID,2020,1,7.25,7.25,False,0.0,2020Q1
ID,2020,2,7.25,7.25,False,0.0,2020Q2
ID,2020,3,7.25,7.25,False,0.0,2020Q3
ID,2020,4,7.25,7.25,False,0.0,2020Q4
ID,2021,1,7.25,7.25,False,0.0,2021Q1
ID,2021,2,7.25,7.25,False,0.0,2021Q2
ID,2021,3,7.25,7.25,False,0.0,2021Q3
ID,2021,4,7.25,7.25,False,0.0,2021Q4
ID,2022,1,7.25,7.25,False,0.0,2022Q1
ID,2022,2,7.25,7.25,False,0.0,2022Q2
ID,2022,3,7.25,7.25,False,0.0,2022Q3
ID,2022,4,7.25,7.25,False,0.0,2022Q4
ID,2023,1,7.25,7.25,False,0.0,2023Q1
ID,2023,2,7.25,7.25,False,0.0,2023Q2
ID,2023,3,7.25,7.25,False,0.0,2023Q3
ID,2023,4,7.25,7.25,False,0.0,2023Q4
ID,2024,1,7.25,7.25,False,0.0,2024Q1
ID,2024,2,7.25,7.25,False,0.0,2024Q2
ID,2024,3,7.25,7.25,False,0.0,2024Q3
ID,2024,4,7.25,7.25,False,0.0,2024Q4
IN,2016,1,7.25,7.25,False,0.0,2016Q1
IN,2016,2,7.25,7.25,False,0.0,2016Q2
IN,2016,3,7.25,7.25,False,0.0,2016Q3
IN,2016,4,7.25,7.25,False,0.0,2016Q4
IN,2017,1,7.25,7.25,False,0.0,2017Q1
IN,2017,2,7.25,7.25,False,0.0,2017Q2
IN,2017,3,7.25,7.25,False,0.0,2017Q3
IN,2017,4,7.25,7.25,False,0.0,2017Q4
IN,2018,1,7.25,7.25,False,0.0,2018Q1
IN,2018,2,7.25,7.25,False,0.0,2018Q2
IN,2018,3,7.25,7.25,False,0.0,2018Q3
IN,2018,4,7.25,7.25,False,0.0,2018Q4
IN,2019,1,7.25,7.25,False,0.0,2019Q1
IN,2019,2,7.25,7.25,False,0.0,2019Q2
IN,2019,3,7.25,7.25,False,0.0,2019Q3
IN,2019,4,7.25,7.25,False,0.0,2019Q4
IN,2020,1,7.25,7.25,False,0.0,2020Q1
IN,2020,2,7.25,7.25,False,0.0,2020Q2
IN,2020,3,7.25,7.25,False,0.0,2020Q3
IN,2020,4,7.25,7.25,False,0.0,2020Q4
IN,2021,1,7.25,7.25,False,0.0,2021Q1
IN,2021,2,7.25,7.25,False,0.0,2021Q2
IN,2021,3,7.25,7.25,False,0.0,2021Q3
IN,2021,4,7.25,7.25,False,0.0,2021Q4
IN,2022,1,7.25,7.25,False,0.0,2022Q1
IN,2022,2,7.25,7.25,False,0.0,2022Q2
IN,2022,3,7.25,7.25,False,0.0,2022Q3
IN,2022,4,7.25,7.25,False,0.0,2022Q4
IN,2023,1,7.25,7.25,False,0.0,2023Q1
IN,2023,2,7.25,7.25,False,0.0,2023Q2
IN,2023,3,7.25,7.25,False,0.0,2023Q3
IN,2023,4,7.25,7.25,False,0.0,2023Q4
IN,2024,1,7.25,7.25,False,0.0,2024Q1
IN,2024,2,7.25,7.25,False,0.0,2024Q2
IN,2024,3,7.25,7.25,False,0.0,2024Q3
IN,2024,4,7.25,7.25,False,0.0,2024Q4
IA,2016,1,7.25,7.25,False,0.0,2016Q1
IA,2016,2,7.25,7.25,False,0.0,2016Q2
IA,2016,3,7.25,7.25,False,0.0,2016Q3
IA,2016,4,7.25,7.25,False,0.0,2016Q4
IA,2017,1,7.25,7.25,False,0.0,2017Q1
IA,2017,2,7.25,7.25,False,0.0,2017Q2
IA,2017,3,7.25,7.25,False,0.0,2017Q3
IA,2017,4,7.25,7.25,False,0.0,2017Q4
IA,2018,1,7.25,7.25,False,0.0,2018Q1
IA,2018,2,7.25,7.25,False,0.0,2018Q2
IA,2018,3,7.25,7.25,False,0.0,2018Q3
IA,2018,4,7.25,7.25,False,0.0,2018Q4
IA,2019,1,7.25,7.25,False,0.0,2019Q1
IA,2019,2,7.25,7.25,False,0.0,2019Q2
IA,2019,3,7.25,7.25,False,0.0,2019Q3
IA,2019,4,7.25,7.25,False,0.0,2019Q4
IA,2020,1,7.25,7.25,False,0.0,2020Q1
IA,2020,2,7.25,7.25,False,0.0,2020Q2
IA,2020,3,7.25,7.25,False,0.0,2020Q3
IA,2020,4,7.25,7.25,False,0.0,2020Q4
IA,2021,1,7.25,7.25,False,0.0,2021Q1
IA,2021,2,7.25,7.25,False,0.0,2021Q2
IA,2021,3,7.25,7.25,False,0.0,2021Q3
IA,2021,4,7.25,7.25,False,0.0,2021Q4
IA,2022,1,7.25,7.25,False,0.0,2022Q1
IA,2022,2,7.25,7.25,False,0.0,2022Q2
IA,2022,3,7.25,7.25,False,0.0,2022Q3
IA,2022,4,7.25,7.25,False,0.0,2022Q4
IA,2023,1,7.25,7.25,False,0.0,2023Q1
IA,2023,2,7.25,7.25,False,0.0,2023Q2
IA,2023,3,7.25,7.25,False,0.0,2023Q3
IA,2023,4,7.25,7.25,False,0.0,2023Q4
IA,2024,1,7.25,7.25,False,0.0,2024Q1
IA,2024,2,7.25,7.25,False,0.0,2024Q2
IA,2024,3,7.25,7.25,False,0.0,2024Q3
IA,2024,4,7.25,7.25,False,0.0,2024Q4
KS,2016,1,7.25,7.25,False,0.0,2016Q1
KS,2016,2,7.25,7.25,False,0.0,2016Q2
KS,2016,3,7.25,7.25,False,0.0,2016Q3
KS,2016,4,7.25,7.25,False,0.0,2016Q4
KS,2017,1,7.25,7.25,False,0.0,2017Q1
KS,2017,2,7.25,7.25,False,0.0,2017Q2
KS,2017,3,7.25,7.25,False,0.0,2017Q3
KS,2017,4,7.25,7.25,False,0.0,2017Q4
KS,2018,1,7.25,7.25,False,0.0,2018Q1
KS,2018,2,7.25,7.25,False,0.0,2018Q2
KS,2018,3,7.25,7.25,False,0.0,2018Q3
KS,2018,4,7.25,7.25,False,0.0,2018Q4
KS,2019,1,7.25,7.25,False,0.0,2019Q1
KS,2019,2,7.25,7.25,False,0.0,2019Q2
KS,2019,3,7.25,7.25,False,0.0,2019Q3
KS,2019,4,7.25,7.25,False,0.0,2019Q4
KS,2020,1,7.25,7.25,False,0.0,2020Q1
KS,2020,2,7.25,7.25,False,0.0,2020Q2
KS,2020,3,7.25,7.25,False,0.0,2020Q3
KS,2020,4,7.25,7.25,False,0.0,2020Q4
KS,2021,1,7.25,7.25,False,0.0,2021Q1
KS,2021,2,7.25,7.25,False,0.0,2021Q2
KS,2021,3,7.25,7.25,False,0.0,2021Q3
KS,2021,4,7.25,7.25,False,0.0,2021Q4
KS,2022,1,7.25,7.25,False,0.0,2022Q1
KS,2022,2,7.25,7.25,False,0.0,2022Q2
KS,2022,3,7.25,7.25,False,0.0,2022Q3
KS,2022,4,7.25,7.25,False,0.0,2022Q4
KS,2023,1,7.25,7.25,False,0.0,2023Q1
KS,2023,2,7.25,7.25,False,0.0,2023Q2
KS,2023,3,7.25,7.25,False,0.0,2023Q3
KS,2023,4,7.25,7.25,False,0.0,2023Q4
KS,2024,1,7.25,7.25,False,0.0,2024Q1
KS,2024,2,7.25,7.25,False,0.0,2024Q2
KS,2024,3,7.25,7.25,False,0.0,2024Q3
KS,2024,4,7.25,7.25,False,0.0,2024Q4
KY,2016,1,7.25,7.25,False,0.0,2016Q1
KY,2016,2,7.25,7.25,False,0.0,2016Q2
KY,2016,3,7.25,7.25,False,0.0,2016Q3
KY,2016,4,7.25,7.25,False,0.0,2016Q4
KY,2017,1,7.25,7.25,False,0.0,2017Q1
KY,2017,2,7.25,7.25,False,0.0,2017Q2
KY,2017,3,7.25,7.25,False,0.0,2017Q3
KY,2017,4,7.25,7.25,False,0.0,2017Q4
KY,2018,1,7.25,7.25,False,0.0,2018Q1
KY,2018,2,7.25,7.25,False,0.0,2018Q2
KY,2018,3,7.25,7.25,False,0.0,2018Q3
KY,2018,4,7.25,7.25,False,0.0,2018Q4
KY,2019,1,7.25,7.25,False,0.0,2019Q1
KY,2019,2,7.25,7.25,False,0.0,2019Q2
KY,2019,3,7.25,7.25,False,0.0,2019Q3
KY,2019,4,7.25,7.25,False,0.0,2019Q4
KY,2020,1,7.25,7.25,False,0.0,2020Q1
KY,2020,2,7.25,7.25,False,0.0,2020Q2
KY,2020,3,7.25,7.25,False,0.0,2020Q3
KY,2020,4,7.25,7.25,False,0.0,2020Q4
KY,2021,1,7.25,7.25,False,0.0,2021Q1
KY,2021,2,7.25,7.25,False,0.0,2021Q2
KY,2021,3,7.25,7.25,False,0.0,2021Q3
KY,2021,4,7.25,7.25,False,0.0,2021Q4
KY,2022,1,7.25,7.25,False,0.0,2022Q1
KY,2022,2,7.25,7.25,False,0.0,2022Q2
KY,2022,3,7.25,7.25,False,0.0,2022Q3
KY,2022,4,7.25,7.25,False,0.0,2022Q4
KY,2023,1,7.25,7.25,False,0.0,2023Q1
KY,2023,2,7.25,7.25,False,0.0,2023Q2
KY,2023,3,7.25,7.25,False,0.0,2023Q3
KY,2023,4,7.25,7.25,False,0.0,2023Q4
KY,2024,1,7.25,7.25,False,0.0,2024Q1
KY,2024,2,7.25,7.25,False,0.0,2024Q2
KY,2024,3,7.25,7.25,False,0.0,2024Q3
KY,2024,4,7.25,7.25,False,0.0,2024Q4
LA,2016,1,7.25,7.25,False,0.0,2016Q1
LA,2016,2,7.25,7.25,False,0.0,2016Q2
LA,2016,3,7.25,7.25,False,0.0,2016Q3
LA,2016,4,7.25,7.25,False,0.0,2016Q4
LA,2017,1,7.25,7.25,False,0.0,2017Q1
LA,2017,2,7.25,7.25,False,0.0,2017Q2
LA,2017,3,7.25,7.25,False,0.0,2017Q3
LA,2017,4,7.25,7.25,False,0.0,2017Q4
LA,2018,1,7.25,7.25,False,0.0,2018Q1
LA,2018,2,7.25,7.25,False,0.0,2018Q2
LA,2018,3,7.25,7.25,False,0.0,2018Q3
LA,2018,4,7.25,7.25,False,0.0,2018Q4
LA,2019,1,7.25,7.25,False,0.0,2019Q1
LA,2019,2,7.25,7.25,False,0.0,2019Q2
LA,2019,3,7.25,7.25,False,0.0,2019Q3
LA,2019,4,7.25,7.25,False,0.0,2019Q4
LA,2020,1,7.25,7.25,False,0.0,2020Q1
LA,2020,2,7.25,7.25,False,0.0,2020Q2
LA,2020,3,7.25,7.25,False,0.0,2020Q3
LA,2020,4,7.25,7.25,False,0.0,2020Q4
LA,2021,1,7.25,7.25,False,0.0,2021Q1
LA,2021,2,7.25,7.25,False,0.0,2021Q2
LA,2021,3,7.25,7.25,False,0.0,2021Q3
LA,2021,4,7.25,7.25,False,0.0,2021Q4
LA,2022,1,7.25,7.25,False,0.0,2022Q1
LA,2022,2,7.25,7.25,False,0.0,2022Q2
LA,2022,3,7.25,7.25,False,0.0,2022Q3
LA,2022,4,7.25,7.25,False,0.0,2022Q4
LA,2023,1,7.25,7.25,False,0.0,2023Q1
LA,2023,2,7.25,7.25,False,0.0,2023Q2
LA,2023,3,7.25,7.25,False,0.0,2023Q3
LA,2023,4,7.25,7.25,False,0.0,2023Q4
LA,2024,1,7.25,7.25,False,0.0,2024Q1
LA,2024,2,7.25,7.25,False,0.0,2024Q2
LA,2024,3,7.25,7.25,False,0.0,2024Q3
LA,2024,4,7.25,7.25,False,0.0,2024Q4
MS,2016,1,7.25,7.25,False,0.0,2016Q1
MS,2016,2,7.25,7.25,False,0.0,2016Q2
MS,2016,3,7.25,7.25,False,0.0,2016Q3
MS,2016,4,7.25,7.25,False,0.0,2016Q4
MS,2017,1,7.25,7.25,False,0.0,2017Q1
MS,2017,2,7.25,7.25,False,0.0,2017Q2
MS,2017,3,7.25,7.25,False,0.0,2017Q3
MS,2017,4,7.25,7.25,False,0.0,2017Q4
MS,2018,1,7.25,7.25,False,0.0,2018Q1
MS,2018,2,7.25,7.25,False,0.0,2018Q2
MS,2018,3,7.25,7.25,False,0.0,2018Q3
MS,2018,4,7.25,7.25,False,0.0,2018Q4
MS,2019,1,7.25,7.25,False,0.0,2019Q1
MS,2019,2,7.25,7.25,False,0.0,2019Q2
MS,2019,3,7.25,7.25,False,0.0,2019Q3
MS,2019,4,7.25,7.25,False,0.0,2019Q4
MS,2020,1,7.25,7.25,False,0.0,2020Q1
MS,2020,2,7.25,7.25,False,0.0,2020Q2
MS,2020,3,7.25,7.25,False,0.0,2020Q3
MS,2020,4,7.25,7.25,False,0.0,2020Q4
MS,2021,1,7.25,7.25,False,0.0,2021Q1
MS,2021,2,7.25,7.25,False,0.0,2021Q2
MS,2021,3,7.25,7.25,False,0.0,2021Q3
MS,2021,4,7.25,7.25,False,0.0,2021Q4
MS,2022,1,7.25,7.25,False,0.0,2022Q1
MS,2022,2,7.25,7.25,False,0.0,2022Q2
MS,2022,3,7.25,7.25,False,0.0,2022Q3
MS,2022,4,7.25,7.25,False,0.0,2022Q4
MS,2023,1,7.25,7.25,False,0.0,2023Q1
MS,2023,2,7.25,7.25,False,0.0,2023Q2
MS,2023,3,7.25,7.25,False,0.0,2023Q3
MS,2023,4,7.25,7.25,False,0.0,2023Q4
MS,2024,1,7.25,7.25,False,0.0,2024Q1
MS,2024,2,7.25,7.25,False,0.0,2024Q2
MS,2024,3,7.25,7.25,False,0.0,2024Q3
MS,2024,4,7.25,7.25,False,0.0,2024Q4
NC,2016,1,7.25,7.25,False,0.0,2016Q1
NC,2016,2,7.25,7.25,False,0.0,2016Q2
NC,2016,3,7.25,7.25,False,0.0,2016Q3
NC,2016,4,7.25,7.25,False,0.0,2016Q4
NC,2017,1,7.25,7.25,False,0.0,2017Q1
NC,2017,2,7.25,7.25,False,0.0,2017Q2
NC,2017,3,7.25,7.25,False,0.0,2017Q3
NC,2017,4,7.25,7.25,False,0.0,2017Q4
NC,2018,1,7.25,7.25,False,0.0,2018Q1
NC,2018,2,7.25,7.25,False,0.0,2018Q2
NC,2018,3,7.25,7.25,False,0.0,2018Q3
NC,2018,4,7.25,7.25,False,0.0,2018Q4
NC,2019,1,7.25,7.25,False,0.0,2019Q1
NC,2019,2,7.25,7.25,False,0.0,2019Q2
NC,2019,3,7.25,7.25,False,0.0,2019Q3
NC,2019,4,7.25,7.25,False,0.0,2019Q4
NC,2020,1,7.25,7.25,False,0.0,2020Q1
NC,2020,2,7.25,7.25,False,0.0,2020Q2
NC,2020,3,7.25,7.25,False,0.0,2020Q3
NC,2020,4,7.25,7.25,False,0.0,2020Q4
NC,2021,1,7.25,7.25,False,0.0,2021Q1
NC,2021,2,7.25,7.25,False,0.0,2021Q2
NC,2021,3,7.25,7.25,False,0.0,2021Q3
NC,2021,4,7.25,7.25,False,0.0,2021Q4
NC,2022,1,7.25,7.25,False,0.0,2022Q1
NC,2022,2,7.25,7.25,False,0.0,2022Q2
NC,2022,3,7.25,7.25,False,0.0,2022Q3
NC,2022,4,7.25,7.25,False,0.0,2022Q4
NC,2023,1,7.25,7.25,False,0.0,2023Q1
NC,2023,2,7.25,7.25,False,0.0,2023Q2
NC,2023,3,7.25,7.25,False,0.0,2023Q3
NC,2023,4,7.25,7.25,False,0.0,2023Q4
NC,2024,1,7.25,7.25,False,0.0,2024Q1
NC,2024,2,7.25,7.25,False,0.0,2024Q2
NC,2024,3,7.25,7.25,False,0.0,2024Q3
NC,2024,4,7.25,7.25,False,0.0,2024Q4
ND,2016,1,7.25,7.25,False,0.0,2016Q1
ND,2016,2,7.25,7.25,False,0.0,2016Q2
ND,2016,3,7.25,7.25,False,0.0,2016Q3
ND,2016,4,7.25,7.25,False,0.0,2016Q4
ND,2017,1,7.25,7.25,False,0.0,2017Q1
ND,2017,2,7.25,7.25,False,0.0,2017Q2
ND,2017,3,7.25,7.25,False,0.0,2017Q3
ND,2017,4,7.25,7.25,False,0.0,2017Q4
ND,2018,1,7.25,7.25,False,0.0,2018Q1
ND,2018,2,7.25,7.25,False,0.0,2018Q2
ND,2018,3,7.25,7.25,False,0.0,2018Q3
ND,2018,4,7.25,7.25,False,0.0,2018Q4
ND,2019,1,7.25,7.25,False,0.0,2019Q1
ND,2019,2,7.25,7.25,False,0.0,2019Q2
ND,2019,3,7.25,7.25,False,0.0,2019Q3
ND,2019,4,7.25,7.25,False,0.0,2019Q4
ND,2020,1,7.25,7.25,False,0.0,2020Q1
ND,2020,2,7.25,7.25,False,0.0,2020Q2
ND,2020,3,7.25,7.25,False,0.0,2020Q3
ND,2020,4,7.25,7.25,False,0.0,2020Q4
ND,2021,1,7.25,7.25,False,0.0,2021Q1
ND,2021,2,7.25,7.25,False,0.0,2021Q2
ND,2021,3,7.25,7.25,False,0.0,2021Q3
ND,2021,4,7.25,7.25,False,0.0,2021Q4
ND,2022,1,7.25,7.25,False,0.0,2022Q1
ND,2022,2,7.25,7.25,False,0.0,2022Q2
ND,2022,3,7.25,7.25,False,0.0,2022Q3
ND,2022,4,7.25,7.25,False,0.0,2022Q4
ND,2023,1,7.25,7.25,False,0.0,2023Q1
ND,2023,2,7.25,7.25,False,0.0,2023Q2
ND,2023,3,7.25,7.25,False,0.0,2023Q3
ND,2023,4,7.25,7.25,False,0.0,2023Q4
ND,2024,1,7.25,7.25,False,0.0,2024Q1
ND,2024,2,7.25,7.25,False,0.0,2024Q2
ND,2024,3,7.25,7.25,False,0.0,2024Q3
ND,2024,4,7.25,7.25,False,0.0,2024Q4
OK,2016,1,7.25,7.25,False,0.0,2016Q1
OK,2016,2,7.25,7.25,False,0.0,2016Q2
OK,2016,3,7.25,7.25,False,0.0,2016Q3
OK,2016,4,7.25,7.25,False,0.0,2016Q4
OK,2017,1,7.25,7.25,False,0.0,2017Q1
OK,2017,2,7.25,7.25,False,0.0,2017Q2
OK,2017,3,7.25,7.25,False,0.0,2017Q3
OK,2017,4,7.25,7.25,False,0.0,2017Q4
OK,2018,1,7.25,7.25,False,0.0,2018Q1
OK,2018,2,7.25,7.25,False,0.0,2018Q2
OK,2018,3,7.25,7.25,False,0.0,2018Q3
OK,2018,4,7.25,7.25,False,0.0,2018Q4
OK,2019,1,7.25,7.25,False,0.0,2019Q1
OK,2019,2,7.25,7.25,False,0.0,2019Q2
OK,2019,3,7.25,7.25,False,0.0,2019Q3
OK,2019,4,7.25,7.25,False,0.0,2019Q4
OK,2020,1,7.25,7.25,False,0.0,2020Q1
OK,2020,2,7.25,7.25,False,0.0,2020Q2
OK,2020,3,7.25,7.25,False,0.0,2020Q3
OK,2020,4,7.25,7.25,False,0.0,2020Q4
OK,2021,1,7.25,7.25,False,0.0,2021Q1
OK,2021,2,7.25,7.25,False,0.0,2021Q2
OK,2021,3,7.25,7.25,False,0.0,2021Q3
OK,2021,4,7.25,7.25,False,0.0,2021Q4
OK,2022,1,7.25,7.25,False,0.0,2022Q1
OK,2022,2,7.25,7.25,False,0.0,2022Q2
OK,2022,3,7.25,7.25,False,0.0,2022Q3
OK,2022,4,7.25,7.25,False,0.0,2022Q4
OK,2023,1,7.25,7.25,False,0.0,2023Q1
OK,2023,2,7.25,7.25,False,0.0,2023Q2
OK,2023,3,7.25,7.25,False,0.0,2023Q3
OK,2023,4,7.25,7.25,False,0.0,2023Q4
OK,2024,1,7.25,7.25,False,0.0,2024Q1
OK,2024,2,7.25,7.25,False,0.0,2024Q2
OK,2024,3,7.25,7.25,False,0.0,2024Q3
OK,2024,4,7.25,7.25,False,0.0,2024Q4
PA,2016,1,7.25,7.25,False,0.0,2016Q1
PA,2016,2,7.25,7.25,False,0.0,2016Q2
PA,2016,3,7.25,7.25,False,0.0,2016Q3
PA,2016,4,7.25,7.25,False,0.0,2016Q4
PA,2017,1,7.25,7.25,False,0.0,2017Q1
PA,2017,2,7.25,7.25,False,0.0,2017Q2
PA,2017,3,7.25,7.25,False,0.0,2017Q3
PA,2017,4,7.25,7.25,False,0.0,2017Q4
PA,2018,1,7.25,7.25,False,0.0,2018Q1
PA,2018,2,7.25,7.25,False,0.0,2018Q2
PA,2018,3,7.25,7.25,False,0.0,2018Q3
PA,2018,4,7.25,7.25,False,0.0,2018Q4
PA,2019,1,7.25,7.25,False,0.0,2019Q1
PA,2019,2,7.25,7.25,False,0.0,2019Q2
PA,2019,3,7.25,7.25,False,0.0,2019Q3
PA,2019,4,7.25,7.25,False,0.0,2019Q4
PA,2020,1,7.25,7.25,False,0.0,2020Q1
PA,2020,2,7.25,7.25,False,0.0,2020Q2
PA,2020,3,7.25,7.25,False,0.0,2020Q3
PA,2020,4,7.25,7.25,False,0.0,2020Q4
PA,2021,1,7.25,7.25,False,0.0,2021Q1
PA,2021,2,7.25,7.25,False,0.0,2021Q2
PA,2021,3,7.25,7.25,False,0.0,2021Q3
PA,2021,4,7.25,7.25,False,0.0,2021Q4
PA,2022,1,7.25,7.25,False,0.0,2022Q1
PA,2022,2,7.25,7.25,False,0.0,2022Q2
PA,2022,3,7.25,7.25,False,0.0,2022Q3
PA,2022,4,7.25,7.25,False,0.0,2022Q4
PA,2023,1,7.25,7.25,False,0.0,2023Q1
PA,2023,2,7.25,7.25,False,0.0,2023Q2
PA,2023,3,7.25,7.25,False,0.0,2023Q3
PA,2023,4,7.25,7.25,False,0.0,2023Q4
PA,2024,1,7.25,7.25,False,0.0,2024Q1
PA,2024,2,7.25,7.25,False,0.0,2024Q2
PA,2024,3,7.25,7.25,False,0.0,2024Q3
PA,2024,4,7.25,7.25,False,0.0,2024Q4
SC,2016,1,7.25,7.25,False,0.0,2016Q1
SC,2016,2,7.25,7.25,False,0.0,2016Q2
SC,2016,3,7.25,7.25,False,0.0,2016Q3
SC,2016,4,7.25,7.25,False,0.0,2016Q4
SC,2017,1,7.25,7.25,False,0.0,2017Q1
SC,2017,2,7.25,7.25,False,0.0,2017Q2
SC,2017,3,7.25,7.25,False,0.0,2017Q3
SC,2017,4,7.25,7.25,False,0.0,2017Q4
SC,2018,1,7.25,7.25,False,0.0,2018Q1
SC,2018,2,7.25,7.25,False,0.0,2018Q2
SC,2018,3,7.25,7.25,False,0.0,2018Q3
SC,2018,4,7.25,7.25,False,0.0,2018Q4
SC,2019,1,7.25,7.25,False,0.0,2019Q1
SC,2019,2,7.25,7.25,False,0.0,2019Q2
SC,2019,3,7.25,7.25,False,0.0,2019Q3
SC,2019,4,7.25,7.25,False,0.0,2019Q4
SC,2020,1,7.25,7.25,False,0.0,2020Q1
SC,2020,2,7.25,7.25,False,0.0,2020Q2
SC,2020,3,7.25,7.25,False,0.0,2020Q3
SC,2020,4,7.25,7.25,False,0.0,2020Q4
SC,2021,1,7.25,7.25,False,0.0,2021Q1
SC,2021,2,7.25,7.25,False,0.0,2021Q2
SC,2021,3,7.25,7.25,False,0.0,2021Q3
SC,2021,4,7.25,7.25,False,0.0,2021Q4
SC,2022,1,7.25,7.25,False,0.0,2022Q1
SC,2022,2,7.25,7.25,False,0.0,2022Q2
SC,2022,3,7.25,7.25,False,0.0,2022Q3
SC,2022,4,7.25,7.25,False,0.0,2022Q4
SC,2023,1,7.25,7.25,False,0.0,2023Q1
SC,2023,2,7.25,7.25,False,0.0,2023Q2
SC,2023,3,7.25,7.25,False,0.0,2023Q3
SC,2023,4,7.25,7.25,False,0.0,2023Q4
SC,2024,1,7.25,7.25,False,0.0,2024Q1
SC,2024,2,7.25,7.25,False,0.0,2024Q2
SC,2024,3,7.25,7.25,False,0.0,2024Q3
SC,2024,4,7.25,7.25,False,0.0,2024Q4
TN,2016,1,7.25,7.25,False,0.0,2016Q1
TN,2016,2,7.25,7.25,False,0.0,2016Q2
TN,2016,3,7.25,7.25,False,0.0,2016Q3
TN,2016,4,7.25,7.25,False,0.0,2016Q4
TN,2017,1,7.25,7.25,False,0.0,2017Q1
TN,2017,2,7.25,7.25,False,0.0,2017Q2
TN,2017,3,7.25,7.25,False,0.0,2017Q3
TN,2017,4,7.25,7.25,False,0.0,2017Q4
TN,2018,1,7.25,7.25,False,0.0,2018Q1
TN,2018,2,7.25,7.25,False,0.0,2018Q2
TN,2018,3,7.25,7.25,False,0.0,2018Q3
TN,2018,4,7.25,7.25,False,0.0,2018Q4
TN,2019,1,7.25,7.25,False,0.0,2019Q1
TN,2019,2,7.25,7.25,False,0.0,2019Q2
TN,2019,3,7.25,7.25,False,0.0,2019Q3
TN,2019,4,7.25,7.25,False,0.0,2019Q4
TN,2020,1,7.25,7.25,False,0.0,2020Q1
TN,2020,2,7.25,7.25,False,0.0,2020Q2
TN,2020,3,7.25,7.25,False,0.0,2020Q3
TN,2020,4,7.25,7.25,False,0.0,2020Q4
TN,2021,1,7.25,7.25,False,0.0,2021Q1
TN,2021,2,7.25,7.25,False,0.0,2021Q2
TN,2021,3,7.25,7.25,False,0.0,2021Q3
TN,2021,4,7.25,7.25,False,0.0,2021Q4
TN,2022,1,7.25,7.25,False,0.0,2022Q1
TN,2022,2,7.25,7.25,False,0.0,2022Q2
TN,2022,3,7.25,7.25,False,0.0,2022Q3
TN,2022,4,7.25,7.25,False,0.0,2022Q4
TN,2023,1,7.25,7.25,False,0.0,2023Q1
TN,2023,2,7.25,7.25,False,0.0,2023Q2
TN,2023,3,7.25,7.25,False,0.0,2023Q3
TN,2023,4,7.25,7.25,False,0.0,2023Q4
TN,2024,1,7.25,7.25,False,0.0,2024Q1
TN,2024,2,7.25,7.25,False,0.0,2024Q2
TN,2024,3,7.25,7.25,False,0.0,2024Q3
TN,2024,4,7.25,7.25,False,0.0,2024Q4
TX,2016,1,7.25,7.25,False,0.0,2016Q1
TX,2016,2,7.25,7.25,False,0.0,2016Q2
TX,2016,3,7.25,7.25,False,0.0,2016Q3
TX,2016,4,7.25,7.25,False,0.0,2016Q4
TX,2017,1,7.25,7.25,False,0.0,2017Q1
TX,2017,2,7.25,7.25,False,0.0,2017Q2
TX,2017,3,7.25,7.25,False,0.0,2017Q3
TX,2017,4,7.25,7.25,False,0.0,2017Q4
TX,2018,1,7.25,7.25,False,0.0,2018Q1
TX,2018,2,7.25,7.25,False,0.0,2018Q2
TX,2018,3,7.25,7.25,False,0.0,2018Q3
TX,2018,4,7.25,7.25,False,0.0,2018Q4
TX,2019,1,7.25,7.25,False,0.0,2019Q1
TX,2019,2,7.25,7.25,False,0.0,2019Q2
TX,2019,3,7.25,7.25,False,0.0,2019Q3
TX,2019,4,7.25,7.25,False,0.0,2019Q4
TX,2020,1,7.25,7.25,False,0.0,2020Q1
TX,2020,2,7.25,7.25,False,0.0,2020Q2
TX,2020,3,7.25,7.25,False,0.0,2020Q3
TX,2020,4,7.25,7.25,False,0.0,2020Q4
TX,2021,1,7.25,7.25,False,0.0,2021Q1
TX,2021,2,7.25,7.25,False,0.0,2021Q2
TX,2021,3,7.25,7.25,False,0.0,2021Q3
TX,2021,4,7.25,7.25,False,0.0,2021Q4
TX,2022,1,7.25,7.25,False,0.0,2022Q1
TX,2022,2,7.25,7.25,False,0.0,2022Q2
TX,2022,3,7.25,7.25,False,0.0,2022Q3
TX,2022,4,7.25,7.25,False,0.0,2022Q4
TX,2023,1,7.25,7.25,False,0.0,2023Q1
TX,2023,2,7.25,7.25,False,0.0,2023Q2
TX,2023,3,7.25,7.25,False,0.0,2023Q3
TX,2023,4,7.25,7.25,False,0.0,2023Q4
TX,2024,1,7.25,7.25,False,0.0,2024Q1
TX,2024,2,7.25,7.25,False,0.0,2024Q2
TX,2024,3,7.25,7.25,False,0.0,2024Q3
TX,2024,4,7.25,7.25,False,0.0,2024Q4
UT,2016,1,7.25,7.25,False,0.0,2016Q1
UT,2016,2,7.25,7.25,False,0.0,2016Q2
UT,2016,3,7.25,7.25,False,0.0,2016Q3
UT,2016,4,7.25,7.25,False,0.0,2016Q4
UT,2017,1,7.25,7.25,False,0.0,2017Q1
UT,2017,2,7.25,7.25,False,0.0,2017Q2
UT,2017,3,7.25,7.25,False,0.0,2017Q3
UT,2017,4,7.25,7.25,False,0.0,2017Q4
UT,2018,1,7.25,7.25,False,0.0,2018Q1
UT,2018,2,7.25,7.25,False,0.0,2018Q2
UT,2018,3,7.25,7.25,False,0.0,2018Q3
UT,2018,4,7.25,7.25,False,0.0,2018Q4
UT,2019,1,7.25,7.25,False,0.0,2019Q1
UT,2019,2,7.25,7.25,False,0.0,2019Q2
UT,2019,3,7.25,7.25,False,0.0,2019Q3
UT,2019,4,7.25,7.25,False,0.0,2019Q4
UT,2020,1,7.25,7.25,False,0.0,2020Q1
UT,2020,2,7.25,7.25,False,0.0,2020Q2
UT,2020,3,7.25,7.25,False,0.0,2020Q3
UT,2020,4,7.25,7.25,False,0.0,2020Q4
UT,2021,1,7.25,7.25,False,0.0,2021Q1
UT,2021,2,7.25,7.25,False,0.0,2021Q2
UT,2021,3,7.25,7.25,False,0.0,2021Q3
UT,2021,4,7.25,7.25,False,0.0,2021Q4
UT,2022,1,7.25,7.25,False,0.0,2022Q1
UT,2022,2,7.25,7.25,False,0.0,2022Q2
UT,2022,3,7.25,7.25,False,0.0,2022Q3
UT,2022,4,7.25,7.25,False,0.0,2022Q4
UT,2023,1,7.25,7.25,False,0.0,2023Q1
UT,2023,2,7.25,7.25,False,0.0,2023Q2
UT,2023,3,7.25,7.25,False,0.0,2023Q3
UT,2023,4,7.25,7.25,False,0.0,2023Q4
UT,2024,1,7.25,7.25,False,0.0,2024Q1
UT,2024,2,7.25,7.25,False,0.0,2024Q2
UT,2024,3,7.25,7.25,False,0.0,2024Q3
UT,2024,4,7.25,7.25,False,0.0,2024Q4
VA,2016,1,7.25,7.25,False,0.0,2016Q1
VA,2016,2,7.25,7.25,False,0.0,2016Q2
VA,2016,3,7.25,7.25,False,0.0,2016Q3
VA,2016,4,7.25,7.25,False,0.0,2016Q4
VA,2017,1,7.25,7.25,False,0.0,2017Q1
VA,2017,2,7.25,7.25,False,0.0,2017Q2
VA,2017,3,7.25,7.25,False,0.0,2017Q3
VA,2017,4,7.25,7.25,False,0.0,2017Q4
VA,2018,1,7.25,7.25,False,0.0,2018Q1
VA,2018,2,7.25,7.25,False,0.0,2018Q2
VA,2018,3,7.25,7.25,False,0.0,2018Q3
VA,2018,4,7.25,7.25,False,0.0,2018Q4
VA,2019,1,7.25,7.25,False,0.0,2019Q1
VA,2019,2,7.25,7.25,False,0.0,2019Q2
VA,2019,3,7.25,7.25,False,0.0,2019Q3
VA,2019,4,7.25,7.25,False,0.0,2019Q4
VA,2020,1,9.5,7.25,True,2.25,2020Q1
VA,2020,2,9.5,7.25,True,2.25,2020Q2
VA,2020,3,9.5,7.25,True,2.25,2020Q3
VA,2020,4,9.5,7.25,True,2.25,2020Q4
VA,2021,1,11.0,7.25,True,3.75,2021Q1
VA,2021,2,11.0,7.25,True,3.75,2021Q2
VA,2021,3,11.0,7.25,True,3.75,2021Q3
VA,2021,4,11.0,7.25,True,3.75,2021Q4
VA,2022,1,11.0,7.25,True,3.75,2022Q1
VA,2022,2,11.0,7.25,True,3.75,2022Q2
VA,2022,3,11.0,7.25,True,3.75,2022Q3
VA,2022,4,11.0,7.25,True,3.75,2022Q4
VA,2023,1,12.0,7.25,True,4.75,2023Q1
VA,2023,2,12.0,7.25,True,4.75,2023Q2
VA,2023,3,12.0,7.25,True,4.75,2023Q3
VA,2023,4,12.0,7.25,True,4.75,2023Q4
VA,2024,1,12.0,7.25,True,4.75,2024Q1
VA,2024,2,12.0,7.25,True,4.75,2024Q2
VA,2024,3,12.0,7.25,True,4.75,2024Q3
VA,2024,4,12.0,7.25,True,4.75,2024Q4
WI,2016,1,7.25,7.25,False,0.0,2016Q1
WI,2016,2,7.25,7.25,False,0.0,2016Q2
WI,2016,3,7.25,7.25,False,0.0,2016Q3
WI,2016,4,7.25,7.25,False,0.0,2016Q4
WI,2017,1,7.25,7.25,False,0.0,2017Q1
WI,2017,2,7.25,7.25,False,0.0,2017Q2
WI,2017,3,7.25,7.25,False,0.0,2017Q3
WI,2017,4,7.25,7.25,False,0.0,2017Q4
WI,2018,1,7.25,7.25,False,0.0,2018Q1
WI,2018,2,7.25,7.25,False,0.0,2018Q2
WI,2018,3,7.25,7.25,False,0.0,2018Q3
WI,2018,4,7.25,7.25,False,0.0,2018Q4
WI,2019,1,7.25,7.25,False,0.0,2019Q1
WI,2019,2,7.25,7.25,False,0.0,2019Q2
WI,2019,3,7.25,7.25,False,0.0,2019Q3
WI,2019,4,7.25,7.25,False,0.0,2019Q4
WI,2020,1,7.25,7.25,False,0.0,2020Q1
WI,2020,2,7.25,7.25,False,0.0,2020Q2
WI,2020,3,7.25,7.25,False,0.0,2020Q3
WI,2020,4,7.25,7.25,False,0.0,2020Q4
WI,2021,1,7.25,7.25,False,0.0,2021Q1
WI,2021,2,7.25,7.25,False,0.0,2021Q2
WI,2021,3,7.25,7.25,False,0.0,2021Q3
WI,2021,4,7.25,7.25,False,0.0,2021Q4
WI,2022,1,7.25,7.25,False,0.0,2022Q1
WI,2022,2,7.25,7.25,False,0.0,2022Q2
WI,2022,3,7.25,7.25,False,0.0,2022Q3
WI,2022,4,7.25,7.25,False,0.0,2022Q4
WI,2023,1,7.25,7.25,False,0.0,2023Q1
WI,2023,2,7.25,7.25,False,0.0,2023Q2
WI,2023,3,7.25,7.25,False,0.0,2023Q3
WI,2023,4,7.25,7.25,False,0.0,2023Q4
WI,2024,1,7.25,7.25,False,0.0,2024Q1
WI,2024,2,7.25,7.25,False,0.0,2024Q2
WI,2024,3,7.25,7.25,False,0.0,2024Q3
WI,2024,4,7.25,7.25,False,0.0,2024Q4
WY,2016,1,7.25,7.25,False,0.0,2016Q1
WY,2016,2,7.25,7.25,False,0.0,2016Q2
WY,2016,3,7.25,7.25,False,0.0,2016Q3
WY,2016,4,7.25,7.25,False,0.0,2016Q4
WY,2017,1,7.25,7.25,False,0.0,2017Q1
WY,2017,2,7.25,7.25,False,0.0,2017Q2
WY,2017,3,7.25,7.25,False,0.0,2017Q3
WY,2017,4,7.25,7.25,False,0.0,2017Q4
WY,2018,1,7.25,7.25,False,0.0,2018Q1
WY,2018,2,7.25,7.25,False,0.0,2018Q2
WY,2018,3,7.25,7.25,False,0.0,2018Q3
WY,2018,4,7.25,7.25,False,0.0,2018Q4
WY,2019,1,7.25,7.25,False,0.0,2019Q1
WY,2019,2,7.25,7.25,False,0.0,2019Q2
WY,2019,3,7.25,7.25,False,0.0,2019Q3
WY,2019,4,7.25,7.25,False,0.0,2019Q4
WY,2020,1,7.25,7.25,False,0.0,2020Q1
WY,2020,2,7.25,7.25,False,0.0,2020Q2
WY,2020,3,7.25,7.25,False,0.0,2020Q3
WY,2020,4,7.25,7.25,False,0.0,2020Q4
WY,2021,1,7.25,7.25,False,0.0,2021Q1
WY,2021,2,7.25,7.25,False,0.0,2021Q2
WY,2021,3,7.25,7.25,False,0.0,2021Q3
WY,2021,4,7.25,7.25,False,0.0,2021Q4
WY,2022,1,7.25,7.25,False,0.0,2022Q1
WY,2022,2,7.25,7.25,False,0.0,2022Q2
WY,2022,3,7.25,7.25,False,0.0,2022Q3
WY,2022,4,7.25,7.25,False,0.0,2022Q4
WY,2023,1,7.25,7.25,False,0.0,2023Q1
WY,2023,2,7.25,7.25,False,0.0,2023Q2
WY,2023,3,7.25,7.25,False,0.0,2023Q3
WY,2023,4,7.25,7.25,False,0.0,2023Q4
WY,2024,1,7.25,7.25,False,0.0,2024Q1
WY,2024,2,7.25,7.25,False,0.0,2024Q2
WY,2024,3,7.25,7.25,False,0.0,2024Q3
WY,2024,4,7.25,7.25,False,0.0,2024Q4
NH,2016,1,7.25,7.25,False,0.0,2016Q1
NH,2016,2,7.25,7.25,False,0.0,2016Q2
NH,2016,3,7.25,7.25,False,0.0,2016Q3
NH,2016,4,7.25,7.25,False,0.0,2016Q4
NH,2017,1,7.25,7.25,False,0.0,2017Q1
NH,2017,2,7.25,7.25,False,0.0,2017Q2
NH,2017,3,7.25,7.25,False,0.0,2017Q3
NH,2017,4,7.25,7.25,False,0.0,2017Q4
NH,2018,1,7.25,7.25,False,0.0,2018Q1
NH,2018,2,7.25,7.25,False,0.0,2018Q2
NH,2018,3,7.25,7.25,False,0.0,2018Q3
NH,2018,4,7.25,7.25,False,0.0,2018Q4
NH,2019,1,7.25,7.25,False,0.0,2019Q1
NH,2019,2,7.25,7.25,False,0.0,2019Q2
NH,2019,3,7.25,7.25,False,0.0,2019Q3
NH,2019,4,7.25,7.25,False,0.0,2019Q4
NH,2020,1,7.25,7.25,False,0.0,2020Q1
NH,2020,2,7.25,7.25,False,0.0,2020Q2
NH,2020,3,7.25,7.25,False,0.0,2020Q3
NH,2020,4,7.25,7.25,False,0.0,2020Q4
NH,2021,1,7.25,7.25,False,0.0,2021Q1
NH,2021,2,7.25,7.25,False,0.0,2021Q2
NH,2021,3,7.25,7.25,False,0.0,2021Q3
NH,2021,4,7.25,7.25,False,0.0,2021Q4
NH,2022,1,7.25,7.25,False,0.0,2022Q1
NH,2022,2,7.25,7.25,False,0.0,2022Q2
NH,2022,3,7.25,7.25,False,0.0,2022Q3
NH,2022,4,7.25,7.25,False,0.0,2022Q4
NH,2023,1,7.25,7.25,False,0.0,2023Q1
NH,2023,2,7.25,7.25,False,0.0,2023Q2
NH,2023,3,7.25,7.25,False,0.0,2023Q3
NH,2023,4,7.25,7.25,False,0.0,2023Q4
NH,2024,1,7.25,7.25,False,0.0,2024Q1
NH,2024,2,7.25,7.25,False,0.0,2024Q2
NH,2024,3,7.25,7.25,False,0.0,2024Q3
NH,2024,4,7.25,7.25,False,0.0,2024Q4
